date,symbol,open,high,low,close,Volume DOGE,Volume USD
2/1/23 0:00,DOGE/USD,0.0962,0.09708,0.08819,0.09401,5416361.27,509192.123
1/31/23 0:00,DOGE/USD,0.08833,0.09765,0.08823,0.0962,11324559.05,1089422.581
1/30/23 0:00,DOGE/USD,0.09022,0.09428,0.08454,0.08833,4751922.344,419737.3006
1/29/23 0:00,DOGE/USD,0.0879,0.091,0.08735,0.09022,2774244.428,250292.3323
1/28/23 0:00,DOGE/USD,0.08728,0.09363,0.08689,0.0879,3154125.37,277247.62
1/27/23 0:00,DOGE/USD,0.0863,0.08803,0.08362,0.08728,2600976.081,227013.1923
1/26/23 0:00,DOGE/USD,0.08661,0.08764,0.08474,0.0863,2117950.041,182779.0886
1/25/23 0:00,DOGE/USD,0.08373,0.08811,0.08169,0.08661,2325289.054,201393.285
1/24/23 0:00,DOGE/USD,0.08856,0.09079,0.0825,0.08373,4816577.242,403292.0125
1/23/23 0:00,DOGE/USD,0.08847,0.0915,0.08629,0.08856,3117088.427,276049.3511
1/22/23 0:00,DOGE/USD,0.08465,0.09332,0.08439,0.08847,6627183.398,586306.9152
1/21/23 0:00,DOGE/USD,0.08642,0.089,0.08437,0.08465,7230903.608,612095.9904
1/20/23 0:00,DOGE/USD,0.08164,0.087,0.08064,0.08642,3213552.292,277715.1891
1/19/23 0:00,DOGE/USD,0.08005,0.08212,0.07977,0.08164,1684047.588,137485.6451
1/18/23 0:00,DOGE/USD,0.08276,0.0896,0.0775,0.08005,6276474.036,502431.7466
1/17/23 0:00,DOGE/USD,0.08366,0.08489,0.08198,0.08276,2680526.228,221840.3507
1/16/23 0:00,DOGE/USD,0.08624,0.08821,0.08167,0.08366,2683294.312,224484.4021
1/15/23 0:00,DOGE/USD,0.08736,0.08778,0.08291,0.08624,2185111.534,188444.0187
1/14/23 0:00,DOGE/USD,0.08459,0.09257,0.08262,0.08736,7049633.412,615855.9748
1/13/23 0:00,DOGE/USD,0.08036,0.08531,0.07876,0.08459,4054605.209,342979.0546
1/12/23 0:00,DOGE/USD,0.07821,0.08124,0.075,0.08036,5332888.951,428550.9561
1/11/23 0:00,DOGE/USD,0.07783,0.07854,0.07467,0.07821,1373791.977,107444.2706
1/10/23 0:00,DOGE/USD,0.07573,0.07786,0.07377,0.07783,1938088.635,150841.4385
1/9/23 0:00,DOGE/USD,0.07354,0.0795,0.07303,0.07573,5327518.456,403452.9727
1/8/23 0:00,DOGE/USD,0.07215,0.07391,0.0712,0.07354,2885013.959,212163.9266
1/7/23 0:00,DOGE/USD,0.0724,0.0729,0.07175,0.07215,1405782.107,101427.179
1/6/23 0:00,DOGE/USD,0.0714,0.07266,0.06958,0.0724,1591503.997,115224.8894
1/5/23 0:00,DOGE/USD,0.07329,0.07514,0.07044,0.0714,2188360.675,156248.9522
1/4/23 4:00,DOGE/USD,0.07262,0.0745,0.0715,0.074,2838221.854,210028.4172
1/4/23 0:00,DOGE/USD,0.07053,0.0735,0.07026,0.07329,2926843.447,214508.3562
1/3/23 4:00,DOGE/USD,0.07162,0.07282,0.06944,0.07262,2676997.383,194403.5499
1/3/23 0:00,DOGE/USD,0.07139,0.07242,0.06944,0.07053,3951694.301,278712.9991
1/2/23 4:00,DOGE/USD,0.07003,0.07359,0.06984,0.07162,4102858.847,293846.7506
1/2/23 0:00,DOGE/USD,0.07005,0.07359,0.06916,0.07139,2797927.622,199744.053
1/1/23 4:00,DOGE/USD,0.06973,0.07076,0.06906,0.07003,1253998.453,87817.51163
1/1/23 0:00,DOGE/USD,0.07015,0.07076,0.06906,0.07005,1011567.094,70860.27494
12/31/22 4:00,DOGE/USD,0.06825,0.07126,0.06805,0.06973,1699541.458,118509.0259
12/31/22 0:00,DOGE/USD,0.0683,0.07126,0.0679,0.07015,2005219.473,140666.146
12/30/22 4:00,DOGE/USD,0.07044,0.0706,0.06603,0.06825,4287964.753,292653.5944
12/30/22 0:00,DOGE/USD,0.07101,0.07133,0.06603,0.0683,4177857.26,285347.6508
12/29/22 4:00,DOGE/USD,0.07059,0.0715,0.06942,0.07044,7939363.791,559248.7855
12/29/22 0:00,DOGE/USD,0.07035,0.0715,0.06942,0.07101,7812337.066,554754.055
12/28/22 4:00,DOGE/USD,0.07174,0.07258,0.06967,0.07059,3932610.731,277602.9915
12/28/22 0:00,DOGE/USD,0.07369,0.07374,0.06967,0.07035,4765827.179,335275.942
12/27/22 4:00,DOGE/USD,0.0751,0.0753,0.07069,0.07174,2376454.098,170486.817
12/27/22 0:00,DOGE/USD,0.07585,0.07605,0.0725,0.07369,1565316.106,115348.1438
12/26/22 4:00,DOGE/USD,0.07632,0.07634,0.07423,0.0751,1495496.298,112311.772
12/26/22 0:00,DOGE/USD,0.07601,0.0765,0.07423,0.07585,1581234.998,119936.6746
12/25/22 4:00,DOGE/USD,0.0771,0.07723,0.07344,0.07632,1430867.986,109203.8447
12/25/22 0:00,DOGE/USD,0.07753,0.07769,0.07344,0.07601,1253719.104,95295.18912
12/24/22 4:00,DOGE/USD,0.07744,0.07807,0.07679,0.0771,899631.4239,69361.58278
12/24/22 0:00,DOGE/USD,0.07723,0.07807,0.07679,0.07753,919779.0463,71310.46946
12/23/22 4:00,DOGE/USD,0.07791,0.07892,0.07631,0.07744,2132987.333,165178.5391
12/23/22 0:00,DOGE/USD,0.07691,0.07892,0.07631,0.07723,2393035.115,184814.102
12/22/22 4:00,DOGE/USD,0.07375,0.07867,0.07375,0.07791,937891.6731,73071.14025
12/22/22 0:00,DOGE/USD,0.07378,0.07769,0.07325,0.07691,2390140.242,183825.686
12/21/22 4:00,DOGE/USD,0.07311,0.07429,0.07139,0.07375,1535613.563,113251.5003
12/21/22 0:00,DOGE/USD,0.07494,0.07496,0.07139,0.07378,1432728.314,105706.695
12/20/22 4:00,DOGE/USD,0.07397,0.07542,0.07278,0.07311,2846372.663,208098.3054
12/20/22 0:00,DOGE/USD,0.07137,0.07542,0.07113,0.07494,3339789.579,250283.831
12/19/22 4:00,DOGE/USD,0.07735,0.07821,0.07,0.07397,4202939.971,310891.4696
12/19/22 0:00,DOGE/USD,0.07858,0.07946,0.07,0.07137,3778490.427,269670.8618
12/18/22 4:00,DOGE/USD,0.07916,0.0801,0.07679,0.07735,2101281.937,162534.1578
12/18/22 0:00,DOGE/USD,0.0795,0.0801,0.07785,0.07858,2051962.539,161243.2163
12/17/22 4:00,DOGE/USD,0.07705,0.07963,0.07679,0.07916,1742670.886,137949.8273
12/17/22 0:00,DOGE/USD,0.07579,0.0795,0.07557,0.0795,5886977.561,468014.7161
12/16/22 4:00,DOGE/USD,0.08664,0.08664,0.07401,0.07705,13404440,1032812.102
12/16/22 0:00,DOGE/USD,0.08484,0.08664,0.07401,0.07579,9329143.386,707055.7772
12/15/22 4:00,DOGE/USD,0.08755,0.08755,0.08401,0.08664,1510342.593,130856.0823
12/15/22 0:00,DOGE/USD,0.08837,0.0888,0.08401,0.08484,3010395.111,255401.9212
12/14/22 4:00,DOGE/USD,0.09169,0.0923,0.08635,0.08755,4176288.117,365634.0247
12/14/22 0:00,DOGE/USD,0.09101,0.0923,0.08726,0.08837,4098013.813,362141.4807
12/13/22 4:00,DOGE/USD,0.08965,0.09584,0.08687,0.09169,7860768.348,720753.8498
12/13/22 0:00,DOGE/USD,0.09023,0.09584,0.08687,0.09101,8174805.46,743989.0449
12/12/22 4:00,DOGE/USD,0.0875,0.0917,0.0868,0.08965,5182839,464641.5164
12/12/22 0:00,DOGE/USD,0.09265,0.09288,0.08482,0.09023,8399681.029,757903.2193
12/11/22 4:00,DOGE/USD,0.09678,0.09702,0.08482,0.0875,5909117.08,517047.7445
12/11/22 0:00,DOGE/USD,0.09639,0.09702,0.09158,0.09265,3518421.267,325981.7304
12/10/22 4:00,DOGE/USD,0.0966,0.09742,0.09618,0.09678,2553253.394,247103.8635
12/10/22 0:00,DOGE/USD,0.09664,0.09742,0.09618,0.09639,1064897.405,102645.4609
12/9/22 4:00,DOGE/USD,0.09797,0.09877,0.09582,0.0966,2501644.744,241658.8822
12/9/22 0:00,DOGE/USD,0.09854,0.09939,0.09582,0.09664,2672121.536,258233.8253
12/8/22 4:00,DOGE/USD,0.09654,0.09939,0.09461,0.09797,2331170.547,228384.7785
12/8/22 0:00,DOGE/USD,0.09572,0.09912,0.09461,0.09854,4151253.906,409064.5599
12/7/22 4:00,DOGE/USD,0.09973,0.09973,0.09421,0.09654,2647508.32,255590.4532
12/7/22 0:00,DOGE/USD,0.10039,0.10116,0.09234,0.09572,6126390.577,586418.106
12/6/22 4:00,DOGE/USD,0.10214,0.10223,0.098,0.09973,4703734.655,469103.4572
12/6/22 0:00,DOGE/USD,0.10141,0.10283,0.098,0.10039,4816715.112,483550.0301
12/5/22 4:00,DOGE/USD,0.10399,0.11163,0.09938,0.10214,12758591.53,1303162.539
12/5/22 0:00,DOGE/USD,0.10409,0.11163,0.09938,0.10141,12811414.84,1299205.579
12/4/22 4:00,DOGE/USD,0.10143,0.10555,0.10143,0.10399,7127863.345,741226.5093
12/4/22 0:00,DOGE/USD,0.09969,0.10555,0.09969,0.10409,7698495.824,801336.4303
12/3/22 4:00,DOGE/USD,0.10109,0.10269,0.09813,0.10143,8472358.458,859351.3183
12/3/22 0:00,DOGE/USD,0.10212,0.10303,0.09813,0.09969,7971307.434,794659.6381
12/2/22 4:00,DOGE/USD,0.09851,0.10303,0.09688,0.10109,8452863.527,854499.974
12/2/22 0:00,DOGE/USD,0.10163,0.10351,0.09688,0.10212,9013848.429,920494.2015
12/1/22 4:00,DOGE/USD,0.10455,0.10455,0.09798,0.09851,2178600.92,214613.9767
12/1/22 0:00,DOGE/USD,0.10653,0.10767,0.10031,0.10163,6021560.393,611971.1827
11/30/22 4:00,DOGE/USD,0.10591,0.10945,0.09905,0.10455,7675680.977,802492.4462
11/30/22 0:00,DOGE/USD,0.10148,0.10945,0.09905,0.10653,9733751.448,1036936.542
11/29/22 4:00,DOGE/USD,0.1009,0.10944,0.09911,0.10591,9873602.823,1045713.275
11/29/22 0:00,DOGE/USD,0.09517,0.10509,0.09361,0.10148,9425824.961,956532.7171
11/28/22 4:00,DOGE/USD,0.09496,0.10401,0.09086,0.1009,8545349.183,862225.7326
11/28/22 0:00,DOGE/USD,0.0984,0.09958,0.09086,0.09517,8354943.485,795139.9715
11/27/22 4:00,DOGE/USD,0.08943,0.10765,0.08911,0.09496,15730833.18,1493799.919
11/27/22 0:00,DOGE/USD,0.08872,0.10765,0.08865,0.0984,13258909.07,1304676.653
11/26/22 4:00,DOGE/USD,0.0924,0.09448,0.08726,0.08943,4662534.775,416970.4849
11/26/22 0:00,DOGE/USD,0.08926,0.09534,0.08726,0.08872,7413511.679,657726.7562
11/25/22 4:00,DOGE/USD,0.082,0.09534,0.08084,0.0924,10425768.06,963340.9692
11/25/22 0:00,DOGE/USD,0.08133,0.09163,0.0805,0.08926,7697682.849,687095.1711
11/24/22 4:00,DOGE/USD,0.08285,0.08316,0.08047,0.082,1255860.416,102980.5541
11/24/22 0:00,DOGE/USD,0.08197,0.0841,0.08047,0.08133,3789494.091,308199.5544
11/23/22 4:00,DOGE/USD,0.08169,0.0841,0.079,0.08285,5595728.111,463606.074
11/23/22 0:00,DOGE/USD,0.07854,0.08338,0.0777,0.08197,3163162.975,259284.4691
11/22/22 4:00,DOGE/USD,0.07584,0.08208,0.073,0.08169,4542682.445,371091.7289
11/22/22 0:00,DOGE/USD,0.07453,0.07949,0.073,0.07854,4844931.863,380520.9485
11/21/22 4:00,DOGE/USD,0.07526,0.07722,0.07123,0.07584,3635253.077,275697.5934
11/21/22 0:00,DOGE/USD,0.07689,0.07722,0.07123,0.07453,3354420.985,250004.996
11/20/22 4:00,DOGE/USD,0.0848,0.08567,0.07371,0.07526,3975166.749,299171.0495
11/20/22 0:00,DOGE/USD,0.08434,0.08567,0.07625,0.07689,3700152.141,284504.6981
11/19/22 4:00,DOGE/USD,0.08417,0.08533,0.083,0.0848,1089017.12,92348.65178
11/19/22 0:00,DOGE/USD,0.08455,0.08483,0.083,0.08434,953407.3402,80410.37507
11/18/22 4:00,DOGE/USD,0.08571,0.08571,0.08349,0.08417,1440450.115,121242.6862
11/18/22 0:00,DOGE/USD,0.08445,0.08661,0.08349,0.08455,4427712.013,374363.0507
11/17/22 4:00,DOGE/USD,0.08494,0.08661,0.08201,0.08571,39093996.09,3350746.405
11/17/22 0:00,DOGE/USD,0.08508,0.087,0.08201,0.08445,38358774.42,3239398.5
11/16/22 4:00,DOGE/USD,0.08787,0.08787,0.0837,0.08494,4091288.748,347514.0663
11/16/22 0:00,DOGE/USD,0.08688,0.091,0.0833,0.08508,8017823.125,682156.3915
11/15/22 4:00,DOGE/USD,0.08663,0.08964,0.085,0.08787,5032642.82,442218.3246
11/15/22 0:00,DOGE/USD,0.08551,0.08964,0.08482,0.08688,6822175.539,592710.6108
11/14/22 4:00,DOGE/USD,0.08197,0.091,0.08062,0.08663,9823474.976,851007.6372
11/14/22 0:00,DOGE/USD,0.08484,0.091,0.0792,0.08551,9869353.53,843928.4204
11/13/22 4:00,DOGE/USD,0.09065,0.09069,0.0792,0.08197,9938555.278,814663.3762
11/13/22 0:00,DOGE/USD,0.08742,0.09128,0.08287,0.08484,9319930.479,790702.9018
11/12/22 4:00,DOGE/USD,0.08211,0.09444,0.07802,0.09065,15030919.29,1362552.834
11/12/22 0:00,DOGE/USD,0.0849,0.09444,0.07802,0.08742,13690227.86,1196799.719
11/11/22 4:00,DOGE/USD,0.084,0.08944,0.07981,0.08211,9617544.416,789696.572
11/11/22 0:00,DOGE/USD,0.08961,0.093,0.07981,0.0849,12178459,1033951.169
11/10/22 4:00,DOGE/USD,0.07961,0.09424,0.07868,0.084,23976301.44,2014009.321
11/10/22 0:00,DOGE/USD,0.07425,0.09424,0.07281,0.08961,25831762.22,2314784.212
11/9/22 4:00,DOGE/USD,0.08478,0.08665,0.07,0.07961,22789473.04,1814269.949
11/9/22 0:00,DOGE/USD,0.08818,0.09202,0.07,0.07425,45688841.93,3392396.513
11/8/22 4:00,DOGE/USD,0.10238,0.11294,0.07731,0.08478,80237890.77,6802568.38
11/8/22 0:00,DOGE/USD,0.10945,0.11294,0.07731,0.08818,78213033.21,6896825.268
11/7/22 4:00,DOGE/USD,0.11813,0.119,0.10145,0.10238,18382704.18,1882021.254
11/7/22 0:00,DOGE/USD,0.11478,0.119,0.10741,0.10945,14722533.33,1611381.273
11/6/22 4:00,DOGE/USD,0.12503,0.12759,0.11191,0.11813,13617834.92,1608674.839
11/6/22 0:00,DOGE/USD,0.1245,0.12759,0.11191,0.11478,13545144.53,1554711.69
11/5/22 4:00,DOGE/USD,0.12491,0.13581,0.12,0.12503,18158011.39,2270296.164
11/5/22 0:00,DOGE/USD,0.12601,0.13581,0.12,0.1245,18623695.46,2318650.084
11/4/22 4:00,DOGE/USD,0.11942,0.12914,0.11689,0.12491,37114284.18,4635945.237
11/4/22 0:00,DOGE/USD,0.12263,0.12914,0.11559,0.12601,46018877.89,5798838.803
11/3/22 4:00,DOGE/USD,0.13394,0.13688,0.11559,0.11942,51522985.12,6152874.883
11/3/22 0:00,DOGE/USD,0.12781,0.13688,0.11995,0.12263,48969651.97,6005148.421
11/2/22 4:00,DOGE/USD,0.14149,0.14149,0.12141,0.13394,23809864.54,3189093.256
11/2/22 0:00,DOGE/USD,0.14221,0.14802,0.12141,0.12781,78151040.26,9988484.456
11/1/22 4:00,DOGE/USD,0.12791,0.15898,0.1256,0.14149,74326047.82,10516392.51
11/1/22 0:00,DOGE/USD,0.12681,0.15898,0.12454,0.14221,67336043.78,9575858.786
10/31/22 4:00,DOGE/USD,0.12208,0.1324,0.11376,0.12791,61066398.52,7811003.035
10/31/22 0:00,DOGE/USD,0.11766,0.1324,0.11376,0.12681,81159620.37,10291851.46
10/30/22 4:00,DOGE/USD,0.12824,0.14342,0.1113,0.12208,139892632.2,17078092.54
10/30/22 0:00,DOGE/USD,0.12194,0.14342,0.1113,0.11766,139599914.5,16425325.93
10/29/22 4:00,DOGE/USD,0.08632,0.15153,0.08425,0.12824,168899832.7,21659714.55
10/29/22 0:00,DOGE/USD,0.08385,0.15153,0.08296,0.12194,150653775.5,18370721.39
10/28/22 4:00,DOGE/USD,0.07406,0.09,0.073,0.08632,65459568.7,5650469.97
10/28/22 0:00,DOGE/USD,0.07685,0.09,0.07255,0.08385,65905684.52,5526191.647
10/27/22 4:00,DOGE/USD,0.07628,0.08545,0.07255,0.07406,58762548.38,4351954.333
10/27/22 0:00,DOGE/USD,0.07283,0.08545,0.07179,0.07685,57418971.86,4412647.987
10/26/22 4:00,DOGE/USD,0.06584,0.07686,0.06584,0.07628,3542946.432,270255.9538
10/26/22 0:00,DOGE/USD,0.06298,0.07364,0.06265,0.07283,32564017.21,2371637.374
10/25/22 4:00,DOGE/USD,0.06055,0.06696,0.05942,0.06584,16113406.33,1060906.673
10/25/22 0:00,DOGE/USD,0.05949,0.06425,0.05918,0.06298,12994382.72,818386.2235
10/24/22 4:00,DOGE/USD,0.05973,0.06089,0.05867,0.06055,4129218.399,250024.174
10/24/22 0:00,DOGE/USD,0.06039,0.06089,0.05867,0.05949,4150302.139,246901.4743
10/23/22 4:00,DOGE/USD,0.05958,0.06089,0.05871,0.05973,3235268.845,193242.6081
10/23/22 0:00,DOGE/USD,0.05967,0.06045,0.05871,0.06039,2667069.449,161064.324
10/22/22 4:00,DOGE/USD,0.05945,0.05989,0.05906,0.05958,2078243.273,123821.7342
10/22/22 0:00,DOGE/USD,0.05933,0.05989,0.05906,0.05967,2266672.867,135252.37
10/21/22 4:00,DOGE/USD,0.05891,0.05984,0.05717,0.05945,3655195.214,217301.3555
10/21/22 0:00,DOGE/USD,0.05944,0.05948,0.05717,0.05933,3768056.012,223558.7632
10/20/22 4:00,DOGE/USD,0.05926,0.06031,0.05876,0.05891,2343016.446,138027.0988
10/20/22 0:00,DOGE/USD,0.05864,0.06031,0.05828,0.05944,2577064.811,153180.7324
10/19/22 4:00,DOGE/USD,0.05991,0.06072,0.05823,0.05926,2307477.994,136741.1459
10/19/22 0:00,DOGE/USD,0.05972,0.06072,0.05823,0.05864,3510822.909,205874.6554
10/18/22 4:00,DOGE/USD,0.05999,0.06115,0.05851,0.05991,3800075.616,227662.5301
10/18/22 0:00,DOGE/USD,0.05992,0.06115,0.05851,0.05972,3481208.004,207897.742
10/17/22 4:00,DOGE/USD,0.05879,0.06026,0.05865,0.05999,1915260.857,114896.4988
10/17/22 0:00,DOGE/USD,0.05886,0.06011,0.05855,0.05992,1736270.5,104037.3284
10/16/22 4:00,DOGE/USD,0.05889,0.05942,0.05851,0.05879,2202598.287,129490.7533
10/16/22 0:00,DOGE/USD,0.05855,0.05942,0.05851,0.05886,2366156.373,139271.9641
10/15/22 4:00,DOGE/USD,0.05903,0.05974,0.05796,0.05889,3519248.023,207248.5161
10/15/22 0:00,DOGE/USD,0.05867,0.05974,0.05796,0.05855,3528176.479,206574.7328
10/14/22 4:00,DOGE/USD,0.06049,0.06081,0.05813,0.05903,3692187.666,217949.8379
10/14/22 0:00,DOGE/USD,0.05958,0.061,0.05813,0.05867,4292367.416,251833.1963
10/13/22 4:00,DOGE/USD,0.05891,0.061,0.05501,0.06049,9964282.894,602739.4722
10/13/22 0:00,DOGE/USD,0.05979,0.06017,0.05501,0.05958,9201250.658,548210.5142
10/12/22 4:00,DOGE/USD,0.0606,0.0606,0.05831,0.05891,687319.45,40489.9888
10/12/22 0:00,DOGE/USD,0.06022,0.06095,0.0593,0.05979,1713213.464,102433.033
10/11/22 4:00,DOGE/USD,0.05902,0.06095,0.05886,0.0606,2286465.237,138559.7933
10/11/22 0:00,DOGE/USD,0.0595,0.06084,0.05755,0.06022,4534195.789,273049.2704
10/10/22 4:00,DOGE/USD,0.06223,0.06237,0.05755,0.05902,7489015.211,442001.6778
10/10/22 0:00,DOGE/USD,0.06214,0.06252,0.05923,0.0595,4893845.848,291183.828
10/9/22 4:00,DOGE/USD,0.06145,0.06252,0.06122,0.06223,1725019.982,107347.9934
10/9/22 0:00,DOGE/USD,0.06165,0.06239,0.06122,0.06214,1645573.829,102255.9577
10/8/22 4:00,DOGE/USD,0.06248,0.06252,0.06122,0.06145,1861616.767,114396.3503
10/8/22 0:00,DOGE/USD,0.06246,0.06263,0.06122,0.06165,2732996.792,168489.2522
10/7/22 4:00,DOGE/USD,0.06344,0.0638,0.06134,0.06248,8904563.499,556357.1274
10/7/22 0:00,DOGE/USD,0.0634,0.0638,0.06134,0.06246,9766342.492,610005.752
10/6/22 4:00,DOGE/USD,0.06605,0.06605,0.06291,0.06344,3948405.95,250486.8735
10/6/22 0:00,DOGE/USD,0.06473,0.06679,0.06291,0.0634,7016542.767,444848.8115
10/5/22 4:00,DOGE/USD,0.06499,0.06679,0.06272,0.06605,10377746.21,685450.1374
10/5/22 0:00,DOGE/USD,0.06587,0.06684,0.06272,0.06473,12560066.22,813013.0863
10/4/22 4:00,DOGE/USD,0.06026,0.06684,0.06,0.06499,20512049.47,1333078.095
10/4/22 0:00,DOGE/USD,0.06044,0.06641,0.05996,0.06587,17130048.38,1128356.287
10/3/22 4:00,DOGE/USD,0.05947,0.06051,0.05904,0.06026,2431560.91,146525.8604
10/3/22 0:00,DOGE/USD,0.05933,0.06051,0.05882,0.06044,3205246.667,193725.1086
10/2/22 4:00,DOGE/USD,0.06073,0.06095,0.05882,0.05947,2695845.486,160321.931
10/2/22 0:00,DOGE/USD,0.06055,0.06097,0.05884,0.05933,2964682.874,175894.6349
10/1/22 4:00,DOGE/USD,0.06165,0.0621,0.06026,0.06073,4004313.458,243181.9563
10/1/22 0:00,DOGE/USD,0.06158,0.06311,0.06026,0.06055,6296189.109,381234.2506
9/30/22 4:00,DOGE/USD,0.06037,0.06311,0.0596,0.06165,17539213.88,1081292.535
9/30/22 0:00,DOGE/USD,0.06088,0.06224,0.0596,0.06158,14686618.25,904401.9519
9/29/22 4:00,DOGE/USD,0.06081,0.06105,0.0593,0.06037,2877660.45,173724.3613
9/29/22 0:00,DOGE/USD,0.06058,0.06105,0.0593,0.06088,3036428.498,184857.767
9/28/22 4:00,DOGE/USD,0.05937,0.06104,0.05937,0.06081,1214417.376,73848.72065
9/28/22 0:00,DOGE/USD,0.06053,0.06112,0.0585,0.06058,4002299.769,242459.32
9/27/22 4:00,DOGE/USD,0.06257,0.06304,0.0585,0.05937,5973468.877,354644.8472
9/27/22 0:00,DOGE/USD,0.06117,0.06304,0.05964,0.06053,6787977.231,410876.2618
9/26/22 4:00,DOGE/USD,0.06123,0.06277,0.0598,0.06257,11188322.82,700053.359
9/26/22 0:00,DOGE/USD,0.06118,0.06183,0.0598,0.06117,9720723.232,594616.6401
9/25/22 4:00,DOGE/USD,0.06337,0.06384,0.06001,0.06123,7348644.211,449957.4851
9/25/22 0:00,DOGE/USD,0.06322,0.06384,0.06001,0.06118,7800563.928,477238.5011
9/24/22 4:00,DOGE/USD,0.06589,0.06679,0.06255,0.06337,15495263.56,981934.852
9/24/22 0:00,DOGE/USD,0.06335,0.06825,0.06259,0.06322,27523425.75,1740030.976
9/23/22 4:00,DOGE/USD,0.06146,0.06825,0.05913,0.06589,28080610.91,1850231.453
9/23/22 0:00,DOGE/USD,0.05962,0.06441,0.05913,0.06335,16497098.37,1045091.182
9/22/22 4:00,DOGE/USD,0.05743,0.06148,0.05736,0.06146,3510596.012,215761.2309
9/22/22 0:00,DOGE/USD,0.0574,0.06001,0.05692,0.05962,2208992.402,131700.127
9/21/22 4:00,DOGE/USD,0.05921,0.06088,0.05613,0.05743,5502235.394,315993.3787
9/21/22 0:00,DOGE/USD,0.05838,0.06088,0.05613,0.0574,8302372.705,476556.1933
9/20/22 4:00,DOGE/USD,0.0586,0.0606,0.05758,0.05921,3409132.095,201854.7114
9/20/22 0:00,DOGE/USD,0.05858,0.0606,0.05758,0.05838,2738813.573,159891.9364
9/19/22 4:00,DOGE/USD,0.05686,0.0588,0.05586,0.0586,3618984.434,212072.4878
9/19/22 0:00,DOGE/USD,0.05751,0.0588,0.05586,0.05858,4830430.655,282966.6277
9/18/22 4:00,DOGE/USD,0.06135,0.06173,0.05621,0.05686,11044620.86,627997.1423
9/18/22 0:00,DOGE/USD,0.06218,0.06223,0.05632,0.05751,9934814.233,571351.1665
9/17/22 4:00,DOGE/USD,0.06059,0.06241,0.0602,0.06135,2435106.397,149393.7775
9/17/22 0:00,DOGE/USD,0.06042,0.06241,0.0602,0.06218,2655044.162,165090.646
9/16/22 4:00,DOGE/USD,0.05951,0.06092,0.0588,0.06059,2322926.172,140746.0967
9/16/22 0:00,DOGE/USD,0.05859,0.06048,0.05808,0.06042,2336521.885,141172.6523
9/15/22 4:00,DOGE/USD,0.0602,0.06117,0.05808,0.05951,3429353.578,204080.8314
9/15/22 0:00,DOGE/USD,0.06113,0.06119,0.05856,0.05859,3673767.964,215246.065
9/14/22 4:00,DOGE/USD,0.06054,0.06149,0.05972,0.0602,1797677.373,108220.1778
9/14/22 0:00,DOGE/USD,0.05964,0.06149,0.05923,0.06113,3395046.941,207539.2195
9/13/22 4:00,DOGE/USD,0.06357,0.06413,0.05923,0.06054,7307305.556,442384.2784
9/13/22 0:00,DOGE/USD,0.06386,0.06413,0.05928,0.05964,7195082.709,429114.7328
9/12/22 4:00,DOGE/USD,0.06296,0.06542,0.06276,0.06357,2370398.33,150686.2219
9/12/22 0:00,DOGE/USD,0.06384,0.06542,0.06265,0.06386,2535024.973,161886.6947
9/11/22 4:00,DOGE/USD,0.06427,0.06471,0.06265,0.06296,4701675.414,296017.484
9/11/22 0:00,DOGE/USD,0.06482,0.06529,0.06273,0.06384,4924675.095,314391.2581
9/10/22 4:00,DOGE/USD,0.06377,0.06554,0.06327,0.06427,6905789.728,443835.1058
9/10/22 0:00,DOGE/USD,0.06392,0.06554,0.06327,0.06482,6522798.465,422807.7965
9/9/22 4:00,DOGE/USD,0.06224,0.06487,0.06212,0.06377,7706551.194,491446.7697
9/9/22 0:00,DOGE/USD,0.0609,0.06487,0.0609,0.06392,8171499.715,522322.2618
9/8/22 4:00,DOGE/USD,0.06093,0.0625,0.05966,0.06224,4293568.022,267231.6737
9/8/22 0:00,DOGE/USD,0.06099,0.06139,0.05966,0.0609,4101413.999,249776.1125
9/7/22 4:00,DOGE/USD,0.05842,0.06149,0.05842,0.06093,1555641.523,94785.23799
9/7/22 0:00,DOGE/USD,0.05884,0.06149,0.0574,0.06099,3076533.879,187637.8013
9/6/22 4:00,DOGE/USD,0.06333,0.06379,0.0574,0.05842,8801726.861,514196.8832
9/6/22 0:00,DOGE/USD,0.06271,0.06531,0.05804,0.05884,10133664.1,596264.7958
9/5/22 4:00,DOGE/USD,0.06316,0.06531,0.06097,0.06333,5477209.697,346871.6901
9/5/22 0:00,DOGE/USD,0.06325,0.06371,0.06097,0.06271,4061287.402,254683.333
9/4/22 4:00,DOGE/USD,0.06264,0.06385,0.06192,0.06316,3119717.326,197041.3463
9/4/22 0:00,DOGE/USD,0.06272,0.06385,0.06192,0.06325,2541523.399,160751.355
9/3/22 4:00,DOGE/USD,0.06135,0.06403,0.06122,0.06264,3277946.672,205330.5795
9/3/22 0:00,DOGE/USD,0.06167,0.06403,0.06122,0.06272,3758090.828,235707.4567
9/2/22 4:00,DOGE/USD,0.06258,0.06277,0.06076,0.06135,2623834.074,160972.2204
9/2/22 0:00,DOGE/USD,0.06243,0.06282,0.06076,0.06167,3092147.091,190692.7111
9/1/22 4:00,DOGE/USD,0.06067,0.06282,0.0599,0.06258,4739427.847,296593.3947
9/1/22 0:00,DOGE/USD,0.06128,0.0626,0.0599,0.06243,4274598.783,266863.2021
8/31/22 4:00,DOGE/USD,0.06318,0.06318,0.06034,0.06067,1046935.402,63517.57084
8/31/22 0:00,DOGE/USD,0.06133,0.06346,0.06077,0.06128,3439488.191,210771.8364
8/30/22 4:00,DOGE/USD,0.06355,0.06448,0.06015,0.06318,3521530.446,222490.2936
8/30/22 0:00,DOGE/USD,0.06389,0.06448,0.06015,0.06133,3147988.026,193066.1056
8/29/22 4:00,DOGE/USD,0.06195,0.06429,0.06128,0.06355,3885898.462,246948.8472
8/29/22 0:00,DOGE/USD,0.06179,0.06406,0.06077,0.06389,5221522.314,333603.0606
8/28/22 4:00,DOGE/USD,0.06327,0.06426,0.06077,0.06195,7678423.844,475678.3572
8/28/22 0:00,DOGE/USD,0.06364,0.06426,0.06131,0.06179,6774840.782,418617.4119
8/27/22 4:00,DOGE/USD,0.06387,0.0641,0.06228,0.06327,6292262.735,398111.4632
8/27/22 0:00,DOGE/USD,0.06351,0.0641,0.06228,0.06364,6312262.504,401712.3857
8/26/22 4:00,DOGE/USD,0.06911,0.06953,0.06282,0.06387,10263534.01,655531.9174
8/26/22 0:00,DOGE/USD,0.06911,0.06953,0.06282,0.06351,9950178.022,631935.8062
8/25/22 4:00,DOGE/USD,0.06826,0.07178,0.06768,0.06911,5211127.456,360141.0185
8/25/22 0:00,DOGE/USD,0.06789,0.07178,0.06768,0.06911,5614081.626,387989.1811
8/24/22 4:00,DOGE/USD,0.06725,0.06954,0.06725,0.06826,2481007.126,169353.5464
8/24/22 0:00,DOGE/USD,0.06884,0.06962,0.06704,0.06789,4862849.475,330138.8509
8/23/22 4:00,DOGE/USD,0.06852,0.0692,0.06688,0.06725,3530676.605,237438.0017
8/23/22 0:00,DOGE/USD,0.06842,0.0692,0.06688,0.06884,3260002.111,224418.5453
8/22/22 4:00,DOGE/USD,0.06828,0.06896,0.06526,0.06852,19966057.28,1368074.245
8/22/22 0:00,DOGE/USD,0.06977,0.06977,0.06526,0.06842,19648500.88,1344350.43
8/21/22 4:00,DOGE/USD,0.06843,0.07072,0.06745,0.06828,4335362.829,296018.574
8/21/22 0:00,DOGE/USD,0.06937,0.07072,0.06745,0.06977,4754240.831,331703.3827
8/20/22 4:00,DOGE/USD,0.06959,0.07114,0.06764,0.06843,11223192.06,768003.0327
8/20/22 0:00,DOGE/USD,0.06789,0.07114,0.06764,0.06937,14814173.99,1027659.25
8/19/22 4:00,DOGE/USD,0.07394,0.0745,0.06707,0.06959,29022597.93,2019682.59
8/19/22 0:00,DOGE/USD,0.07473,0.07527,0.06707,0.06789,28726017.39,1950209.321
8/18/22 4:00,DOGE/USD,0.08084,0.08228,0.07215,0.07394,13996822.16,1034925.03
8/18/22 0:00,DOGE/USD,0.08001,0.08228,0.0735,0.07473,10536769.63,787412.7943
8/17/22 4:00,DOGE/USD,0.085,0.08893,0.07937,0.08084,15221753.51,1230526.554
8/17/22 0:00,DOGE/USD,0.08674,0.08893,0.07937,0.08001,17481516.97,1398696.173
8/16/22 4:00,DOGE/USD,0.07943,0.08966,0.07853,0.085,26935682.02,2289532.972
8/16/22 0:00,DOGE/USD,0.0767,0.08966,0.07621,0.08674,27080288.75,2348944.246
8/15/22 4:00,DOGE/USD,0.08039,0.08047,0.07474,0.07943,21778781.66,1729888.627
8/15/22 0:00,DOGE/USD,0.08171,0.08207,0.07474,0.0767,24832884.38,1904682.232
8/14/22 4:00,DOGE/USD,0.07431,0.08469,0.07415,0.08039,24237176.77,1948426.64
8/14/22 0:00,DOGE/USD,0.07291,0.08469,0.07264,0.08171,18568566.31,1517237.554
8/13/22 4:00,DOGE/USD,0.07305,0.0746,0.07264,0.07431,2328288.079,173015.0871
8/13/22 0:00,DOGE/USD,0.0724,0.07518,0.07187,0.07291,4939938.195,360170.8938
8/12/22 4:00,DOGE/USD,0.07142,0.07333,0.06976,0.07305,5027816.996,367282.0315
8/12/22 0:00,DOGE/USD,0.07085,0.07277,0.06976,0.0724,5573270.584,403504.7903
8/11/22 4:00,DOGE/USD,0.07192,0.07202,0.06998,0.07142,2307180.564,164778.8359
8/11/22 0:00,DOGE/USD,0.07125,0.07544,0.07045,0.07085,6422039.311,455001.4852
8/10/22 4:00,DOGE/USD,0.06791,0.07242,0.06758,0.07192,5289349.447,380410.0122
8/10/22 0:00,DOGE/USD,0.06905,0.07153,0.06676,0.07125,5468613.406,389638.7051
8/9/22 4:00,DOGE/USD,0.0707,0.07425,0.06676,0.06791,8849997.944,601003.3603
8/9/22 0:00,DOGE/USD,0.07009,0.07425,0.06781,0.06905,8202862.409,566407.6493
8/8/22 4:00,DOGE/USD,0.06989,0.07278,0.06919,0.0707,6860371.985,485028.2993
8/8/22 0:00,DOGE/USD,0.06894,0.07278,0.0689,0.07009,7408507.428,519262.2856
8/7/22 4:00,DOGE/USD,0.06839,0.07029,0.06817,0.06989,5752613.054,402050.1264
8/7/22 0:00,DOGE/USD,0.06863,0.06999,0.06743,0.06894,5108940.105,352210.3309
8/6/22 4:00,DOGE/USD,0.07,0.07041,0.06743,0.06839,1878693.691,128483.8615
8/6/22 0:00,DOGE/USD,0.06982,0.0713,0.06844,0.06863,2989900.409,205196.8651
8/5/22 4:00,DOGE/USD,0.06847,0.0713,0.06792,0.07,11182266.72,782758.6704
8/5/22 0:00,DOGE/USD,0.0674,0.07026,0.06724,0.06982,10315861.9,720253.4782
8/4/22 4:00,DOGE/USD,0.06702,0.0685,0.06578,0.06847,3302635.196,226131.4319
8/4/22 0:00,DOGE/USD,0.06629,0.0676,0.06578,0.0674,2816130.985,189807.2284
8/3/22 4:00,DOGE/USD,0.06649,0.06818,0.06574,0.06702,1099146.061,73664.76899
8/3/22 0:00,DOGE/USD,0.06652,0.06839,0.06513,0.06629,2560840.395,169758.1098
8/2/22 4:00,DOGE/USD,0.06597,0.06848,0.06513,0.06649,3308877.567,220007.2694
8/2/22 0:00,DOGE/USD,0.06848,0.0691,0.0655,0.06652,4543044.007,302203.2873
8/1/22 4:00,DOGE/USD,0.07007,0.07062,0.06577,0.06597,6353226.703,419122.3656
8/1/22 0:00,DOGE/USD,0.06813,0.07133,0.0668,0.06848,5506867.233,377110.2681
7/31/22 4:00,DOGE/USD,0.0704,0.07225,0.06783,0.07007,3652027.678,255897.5794
7/31/22 0:00,DOGE/USD,0.0696,0.07225,0.06783,0.06813,3139490.612,213893.4954
7/30/22 4:00,DOGE/USD,0.06891,0.07448,0.06796,0.0704,7405799.834,521368.3083
7/30/22 0:00,DOGE/USD,0.069,0.07448,0.06796,0.0696,9001914.785,626533.269
7/29/22 4:00,DOGE/USD,0.0716,0.07235,0.06727,0.06891,9010290.311,620899.1053
7/29/22 0:00,DOGE/USD,0.06908,0.07235,0.06727,0.069,9250623.018,638292.9883
7/28/22 4:00,DOGE/USD,0.06674,0.07199,0.06674,0.0716,5973083.793,427672.7996
7/28/22 0:00,DOGE/USD,0.0672,0.07079,0.06525,0.06908,8055272.982,556458.2576
7/27/22 4:00,DOGE/USD,0.06184,0.06735,0.0618,0.06674,5260081.79,351057.8587
7/27/22 0:00,DOGE/USD,0.06265,0.06721,0.06179,0.0672,4773642.057,320788.7462
7/26/22 4:00,DOGE/USD,0.06168,0.06274,0.06015,0.06184,1813572.416,112151.3182
7/26/22 0:00,DOGE/USD,0.06175,0.06265,0.06015,0.06265,2509529.138,157222.0005
7/25/22 4:00,DOGE/USD,0.06461,0.06559,0.06122,0.06168,6181211.042,381257.0971
7/25/22 0:00,DOGE/USD,0.06762,0.06796,0.06175,0.06175,6634162.303,409659.5222
7/24/22 4:00,DOGE/USD,0.06778,0.06901,0.06419,0.06461,2632176.12,170064.8991
7/24/22 0:00,DOGE/USD,0.06807,0.06901,0.06727,0.06762,1639570.732,110867.7729
7/23/22 4:00,DOGE/USD,0.06819,0.06949,0.06598,0.06778,2580103.067,174879.3859
7/23/22 0:00,DOGE/USD,0.06758,0.06949,0.06598,0.06807,2491417.811,169590.8104
7/22/22 4:00,DOGE/USD,0.06951,0.07139,0.06682,0.06819,3210657.58,218934.7404
7/22/22 0:00,DOGE/USD,0.06999,0.07139,0.06682,0.06758,3570899.724,241321.4034
7/21/22 4:00,DOGE/USD,0.06831,0.07087,0.06722,0.06951,4718702.746,327997.0279
7/21/22 0:00,DOGE/USD,0.0701,0.07089,0.06695,0.06999,5785532.442,404929.4156
7/20/22 4:00,DOGE/USD,0.06965,0.07692,0.06695,0.06831,12717116.49,868706.2272
7/20/22 0:00,DOGE/USD,0.06907,0.07692,0.06776,0.0701,12662882.83,887668.086
7/19/22 4:00,DOGE/USD,0.06629,0.07027,0.0654,0.06965,8214467.905,572137.6896
7/19/22 0:00,DOGE/USD,0.06758,0.07027,0.0654,0.06907,8726428.444,602734.4127
7/18/22 4:00,DOGE/USD,0.06472,0.0689,0.06463,0.06629,10448677.76,692642.8484
7/18/22 0:00,DOGE/USD,0.06293,0.0689,0.06293,0.06758,8923423.822,603044.9819
7/17/22 4:00,DOGE/USD,0.06436,0.06545,0.06291,0.06472,3480282.536,225243.8857
7/17/22 0:00,DOGE/USD,0.06441,0.06545,0.06291,0.06293,3281862.113,206527.5828
7/16/22 4:00,DOGE/USD,0.06258,0.06486,0.06177,0.06436,2269568.532,146069.4307
7/16/22 0:00,DOGE/USD,0.06291,0.06481,0.06177,0.06441,2055884.706,132419.5339
7/15/22 4:00,DOGE/USD,0.06252,0.06442,0.06194,0.06258,5513189.81,345015.4183
7/15/22 0:00,DOGE/USD,0.06235,0.06442,0.06161,0.06291,5928116.403,372937.8029
7/14/22 4:00,DOGE/USD,0.06138,0.06327,0.05948,0.06252,4196197.444,262346.2642
7/14/22 0:00,DOGE/USD,0.06199,0.0627,0.05948,0.06235,3802389.765,237079.0018
7/13/22 4:00,DOGE/USD,0.06034,0.06219,0.06,0.06138,817620.4689,50185.54438
7/13/22 0:00,DOGE/USD,0.05969,0.06226,0.05743,0.06199,6384239.922,395759.0328
7/12/22 4:00,DOGE/USD,0.06199,0.06298,0.0591,0.06034,8129689.093,490545.4399
7/12/22 0:00,DOGE/USD,0.06169,0.06298,0.05966,0.05969,9015850.902,538156.1403
7/11/22 4:00,DOGE/USD,0.06593,0.06609,0.06115,0.06199,5431092.722,336673.4378
7/11/22 0:00,DOGE/USD,0.0672,0.0672,0.06115,0.06169,4370117.179,269592.5288
7/10/22 4:00,DOGE/USD,0.06801,0.06854,0.06563,0.06593,12682020.51,836125.6125
7/10/22 0:00,DOGE/USD,0.06947,0.06947,0.06624,0.0672,12702176.19,853586.2399
7/9/22 4:00,DOGE/USD,0.06929,0.07012,0.06783,0.06801,2330045.631,158466.4034
7/9/22 0:00,DOGE/USD,0.06885,0.07012,0.06882,0.06947,2157087.756,149852.8864
7/8/22 4:00,DOGE/USD,0.07193,0.07237,0.0682,0.06929,6045053.252,418861.7398
7/8/22 0:00,DOGE/USD,0.07061,0.07337,0.0682,0.06885,6922148.717,476589.9392
7/7/22 4:00,DOGE/USD,0.06866,0.07337,0.06784,0.07193,6272623.754,451189.8266
7/7/22 0:00,DOGE/USD,0.06839,0.07123,0.06784,0.07061,5630627.042,397578.5754
7/6/22 4:00,DOGE/USD,0.06698,0.06942,0.06698,0.06866,1863101.975,127920.5816
7/6/22 0:00,DOGE/USD,0.06712,0.06919,0.06611,0.06839,3272763.137,223824.271
7/5/22 4:00,DOGE/USD,0.06941,0.06981,0.06539,0.06698,6320123.029,423321.8405
7/5/22 0:00,DOGE/USD,0.06924,0.06993,0.06539,0.06712,6636749.056,445458.5966
7/4/22 4:00,DOGE/USD,0.06651,0.06993,0.06564,0.06941,4525665.374,314126.4336
7/4/22 0:00,DOGE/USD,0.06727,0.06971,0.06564,0.06924,4137835.474,286503.7282
7/3/22 4:00,DOGE/USD,0.06629,0.06899,0.06477,0.06651,3657850.78,243283.6554
7/3/22 0:00,DOGE/USD,0.06657,0.06737,0.06477,0.06727,3387378.77,227868.9699
7/2/22 4:00,DOGE/USD,0.06642,0.06783,0.06538,0.06629,3901732.127,258645.8227
7/2/22 0:00,DOGE/USD,0.06633,0.06783,0.06542,0.06657,4745324.308,315896.2392
7/1/22 4:00,DOGE/USD,0.06599,0.06776,0.06382,0.06642,6560845.252,435771.3416
7/1/22 0:00,DOGE/USD,0.06631,0.06832,0.06382,0.06633,7180665.768,476293.5604
6/30/22 12:00,DOGE/USD,0.06298,0.06832,0.06223,0.06471,12887140.26,833926.8465
6/30/22 4:00,DOGE/USD,0.0684,0.06884,0.06223,0.06599,13112477.95,865292.42
6/29/22 12:00,DOGE/USD,0.06607,0.0715,0.06243,0.06298,6510644.871,410040.414
6/29/22 4:00,DOGE/USD,0.06663,0.0715,0.06663,0.0684,2961781.325,202585.8426
6/28/22 12:00,DOGE/USD,0.07153,0.07225,0.06407,0.06607,5649961.267,373292.9409
6/28/22 4:00,DOGE/USD,0.07018,0.07322,0.06538,0.06663,6198393.188,412998.9381
6/27/22 12:00,DOGE/USD,0.07637,0.07653,0.06875,0.07153,8500206.03,608019.7373
6/27/22 4:00,DOGE/USD,0.07504,0.07869,0.06875,0.07018,10229158.87,717882.3693
6/26/22 12:00,DOGE/USD,0.07324,0.07869,0.07162,0.07637,26386566.25,2015142.064
6/26/22 4:00,DOGE/USD,0.06791,0.0775,0.06763,0.07504,26777395.33,2009375.745
6/25/22 12:00,DOGE/USD,0.06755,0.07343,0.06508,0.07324,7445961.386,545342.2119
6/25/22 4:00,DOGE/USD,0.06768,0.06928,0.06508,0.06791,5026759.313,341367.2249
6/24/22 12:00,DOGE/USD,0.06614,0.06928,0.06502,0.06755,8323348.469,562242.1891
6/24/22 4:00,DOGE/USD,0.06521,0.06851,0.06429,0.06768,9485724.338,641993.8232
6/23/22 12:00,DOGE/USD,0.06377,0.06679,0.0619,0.06614,7565797.539,500401.8492
6/23/22 4:00,DOGE/USD,0.0627,0.06635,0.0619,0.06521,5925529.826,386403.7999
6/22/22 12:00,DOGE/USD,0.063,0.06473,0.06112,0.06377,6108146.8,389516.5214
6/22/22 4:00,DOGE/USD,0.06271,0.06377,0.06112,0.0627,4576392.336,286939.7995
6/21/22 12:00,DOGE/USD,0.06343,0.06979,0.06101,0.063,15806814.38,995829.3059
6/21/22 4:00,DOGE/USD,0.06031,0.0643,0.06031,0.06271,531880.9763,33354.25603
6/20/22 12:00,DOGE/USD,0.06068,0.06722,0.05818,0.06343,11041388.29,700355.259
6/20/22 4:00,DOGE/USD,0.05838,0.06141,0.0575,0.06031,6383243.516,384973.4165
6/19/22 12:00,DOGE/USD,0.05739,0.0631,0.05654,0.06068,17645445.76,1070725.649
6/19/22 4:00,DOGE/USD,0.05188,0.0631,0.05114,0.05838,34457942.46,2011654.681
6/18/22 12:00,DOGE/USD,0.05411,0.05946,0.04912,0.05739,35288063.03,2025181.937
6/18/22 4:00,DOGE/USD,0.0564,0.05692,0.04912,0.05188,24472374.65,1269626.797
6/17/22 12:00,DOGE/USD,0.05733,0.05776,0.05166,0.05411,13661286.14,739212.193
6/17/22 4:00,DOGE/USD,0.05577,0.05809,0.05567,0.0564,7078631.65,399234.8251
6/16/22 12:00,DOGE/USD,0.05594,0.05929,0.05417,0.05733,18026341.13,1033450.137
6/16/22 4:00,DOGE/USD,0.06019,0.06076,0.05417,0.05577,19941125.06,1112116.545
6/15/22 12:00,DOGE/USD,0.05323,0.06382,0.05183,0.05594,27073219.41,1514475.894
6/15/22 4:00,DOGE/USD,0.05353,0.06382,0.05183,0.06019,21201107.81,1276094.679
6/14/22 12:00,DOGE/USD,0.05551,0.05734,0.0502,0.05323,14330643.86,762820.1727
6/14/22 4:00,DOGE/USD,0.0553,0.05829,0.05295,0.05353,13947372.11,746602.8289
6/13/22 12:00,DOGE/USD,0.05407,0.05829,0.04969,0.05551,36550293.13,2028906.772
6/13/22 4:00,DOGE/USD,0.0598,0.06235,0.04969,0.0553,58941462.07,3259462.853
6/12/22 12:00,DOGE/USD,0.06593,0.06942,0.05264,0.05407,60996338.53,3298072.024
6/12/22 4:00,DOGE/USD,0.06602,0.06942,0.05876,0.0598,35171235.3,2103239.871
6/11/22 12:00,DOGE/USD,0.07233,0.0728,0.06425,0.06593,14312325.27,943611.605
6/11/22 4:00,DOGE/USD,0.0758,0.07647,0.0645,0.06602,14442972.08,953525.0166
6/10/22 12:00,DOGE/USD,0.0789,0.07915,0.07196,0.07233,6232261.224,450779.4543
6/10/22 4:00,DOGE/USD,0.07936,0.07953,0.07422,0.0758,4439880.77,336542.9624
6/9/22 12:00,DOGE/USD,0.07981,0.08012,0.07776,0.0789,1962123.014,154811.5058
6/9/22 4:00,DOGE/USD,0.07986,0.08099,0.07776,0.07936,2112984.928,167686.4839
6/8/22 12:00,DOGE/USD,0.08002,0.08099,0.07875,0.07981,2275038.918,181570.8561
6/8/22 4:00,DOGE/USD,0.07948,0.08008,0.07875,0.07986,1376937.454,109962.2251
6/7/22 12:00,DOGE/USD,0.07949,0.08218,0.07895,0.08002,4443549.443,355572.8265
6/7/22 4:00,DOGE/USD,0.07929,0.08218,0.07895,0.07948,4672994.942,371409.638
6/6/22 12:00,DOGE/USD,0.08332,0.08412,0.0777,0.07949,5055147.231,401833.6534
6/6/22 4:00,DOGE/USD,0.08303,0.08456,0.0777,0.07929,5288049.875,419289.4746
6/5/22 12:00,DOGE/USD,0.08161,0.08456,0.08082,0.08332,3182845.847,265194.716
6/5/22 4:00,DOGE/USD,0.0809,0.08351,0.08058,0.08303,2239586.834,185952.8948
6/4/22 12:00,DOGE/USD,0.08119,0.0821,0.08052,0.08161,1294715.636,105661.7431
6/4/22 4:00,DOGE/USD,0.07977,0.08239,0.07977,0.0809,2155619.417,174389.6108
6/3/22 12:00,DOGE/USD,0.08064,0.08239,0.0793,0.08119,5935352.548,481891.2734
6/3/22 4:00,DOGE/USD,0.08259,0.08259,0.0793,0.07977,3602187.541,287346.5001
6/2/22 12:00,DOGE/USD,0.08207,0.08308,0.07982,0.08064,6465756.795,521398.6279
6/2/22 4:00,DOGE/USD,0.0806,0.08308,0.08021,0.08259,5847613.627,482954.4094
6/1/22 12:00,DOGE/USD,0.0867,0.08769,0.07875,0.08207,8379550.682,687709.7244
6/1/22 4:00,DOGE/USD,0.08557,0.08943,0.07875,0.0806,8666241.604,698499.0733
5/31/22 12:00,DOGE/USD,0.08621,0.08943,0.083,0.0867,7140094.396,619046.1841
5/31/22 4:00,DOGE/USD,0.08751,0.08769,0.083,0.08557,8871667.177,759148.5604
5/30/22 12:00,DOGE/USD,0.08525,0.0885,0.08388,0.08621,19030481.22,1640617.786
5/30/22 4:00,DOGE/USD,0.08442,0.0885,0.08388,0.08751,21945717.44,1920469.733
5/29/22 12:00,DOGE/USD,0.0822,0.08636,0.08144,0.08525,10089428.27,860123.7599
5/29/22 4:00,DOGE/USD,0.0807,0.08504,0.08049,0.08442,5085399.703,429309.443
5/28/22 12:00,DOGE/USD,0.08113,0.0826,0.07978,0.0822,3631589.1,298516.624
5/28/22 4:00,DOGE/USD,0.08195,0.08305,0.07978,0.0807,4227367.519,341148.5587
5/27/22 12:00,DOGE/USD,0.07767,0.09,0.07726,0.08113,14955939.12,1213375.341
5/27/22 4:00,DOGE/USD,0.07844,0.09,0.07609,0.08195,15691364.73,1285907.339
5/26/22 12:00,DOGE/USD,0.0779,0.08173,0.07504,0.07767,12900563.03,1001986.73
5/26/22 4:00,DOGE/USD,0.08288,0.08288,0.0765,0.07844,3533767.361,277188.7118
5/25/22 12:00,DOGE/USD,0.0822,0.08376,0.07671,0.0779,4787198.836,372922.7893
5/25/22 4:00,DOGE/USD,0.0839,0.0839,0.08251,0.08288,295420.266,24484.43164
5/24/22 12:00,DOGE/USD,0.08336,0.09,0.08006,0.0822,6839751.422,562227.5669
5/24/22 4:00,DOGE/USD,0.08412,0.09,0.08006,0.0839,8752229.869,734312.086
5/23/22 12:00,DOGE/USD,0.08752,0.0882,0.08203,0.08336,8755087.062,729824.0574
5/23/22 4:00,DOGE/USD,0.08542,0.0882,0.08203,0.08412,7598128.953,639154.6075
5/22/22 12:00,DOGE/USD,0.08519,0.0882,0.08436,0.08752,3739951.652,327320.5686
5/22/22 4:00,DOGE/USD,0.08442,0.08648,0.08366,0.08542,4813880.364,411201.6607
5/21/22 12:00,DOGE/USD,0.08385,0.08648,0.08358,0.08519,4674360.768,398208.7938
5/21/22 4:00,DOGE/USD,0.08419,0.08529,0.08357,0.08442,2555880.195,215767.406
5/20/22 12:00,DOGE/USD,0.08721,0.08721,0.08241,0.08385,3215378.79,269609.5116
5/20/22 4:00,DOGE/USD,0.08649,0.0873,0.08241,0.08419,3747799.763,315527.2621
5/19/22 12:00,DOGE/USD,0.08516,0.08784,0.0845,0.08721,4340737.841,378555.7471
5/19/22 4:00,DOGE/USD,0.08436,0.08784,0.08258,0.08649,4733722.027,409419.6181
5/18/22 12:00,DOGE/USD,0.08856,0.08886,0.0813,0.08516,10228703.8,871076.4155
5/18/22 4:00,DOGE/USD,0.08861,0.08935,0.0813,0.08436,10432770.08,880108.484
5/17/22 12:00,DOGE/USD,0.08921,0.0912,0.08681,0.08856,6666564.919,590390.9892
5/17/22 4:00,DOGE/USD,0.08977,0.0912,0.08681,0.08861,7086749.789,627956.8988
5/16/22 12:00,DOGE/USD,0.0877,0.09068,0.08577,0.08921,7457130.651,665250.6254
5/16/22 4:00,DOGE/USD,0.09012,0.09063,0.08577,0.08977,9889869.017,887813.5417
5/15/22 12:00,DOGE/USD,0.08967,0.09313,0.08578,0.0877,14837528.07,1301251.212
5/15/22 4:00,DOGE/USD,0.08716,0.09313,0.08649,0.09012,12750586.12,1149082.822
5/14/22 12:00,DOGE/USD,0.08715,0.0904,0.08346,0.08967,12467926.09,1117998.933
5/14/22 4:00,DOGE/USD,0.08972,0.09128,0.08346,0.08716,12617297.26,1099723.629
5/13/22 12:00,DOGE/USD,0.09313,0.09431,0.08563,0.08715,19309056.61,1682784.283
5/13/22 4:00,DOGE/USD,0.0931,0.09625,0.08679,0.08972,24340039.62,2183788.354
5/12/22 12:00,DOGE/USD,0.07687,0.09625,0.07442,0.09313,42194716.33,3929593.932
5/12/22 4:00,DOGE/USD,0.07854,0.09462,0.06559,0.0931,57505857.62,5353795.344
5/11/22 12:00,DOGE/USD,0.10101,0.10373,0.06559,0.07687,75488276.08,5802783.782
5/11/22 4:00,DOGE/USD,0.10927,0.10927,0.07739,0.07854,34800356.18,2733219.975
5/10/22 12:00,DOGE/USD,0.11539,0.1182,0.10033,0.10101,22124091.88,2234754.521
5/10/22 4:00,DOGE/USD,0.10894,0.1182,0.10531,0.10927,21253784.25,2322401.005
5/9/22 12:00,DOGE/USD,0.11754,0.1191,0.09936,0.11539,21276655.2,2455113.243
5/9/22 4:00,DOGE/USD,0.12218,0.12298,0.09936,0.10894,20339267.36,2215759.786
5/8/22 12:00,DOGE/USD,0.12609,0.12633,0.1147,0.11754,6369305.008,748648.1106
5/8/22 4:00,DOGE/USD,0.12638,0.12673,0.12101,0.12218,4631336.084,565856.6428
5/7/22 12:00,DOGE/USD,0.12796,0.13225,0.12412,0.12609,6256194.353,788843.546
5/7/22 4:00,DOGE/USD,0.12762,0.13225,0.12412,0.12638,6175582.009,780470.0543
5/6/22 12:00,DOGE/USD,0.12641,0.12978,0.12338,0.12796,5824537.189,745307.7786
5/6/22 4:00,DOGE/USD,0.12817,0.12978,0.12338,0.12762,6577867.407,839467.4385
5/5/22 12:00,DOGE/USD,0.13442,0.13737,0.12514,0.12641,11016166.34,1392553.587
5/5/22 4:00,DOGE/USD,0.137,0.13737,0.12521,0.12817,10343220.52,1325690.575
5/4/22 12:00,DOGE/USD,0.13268,0.13763,0.12967,0.13442,5920360.639,795814.8771
5/4/22 4:00,DOGE/USD,0.12966,0.13763,0.12904,0.137,7606625.854,1042107.742
5/3/22 12:00,DOGE/USD,0.13107,0.13354,0.12643,0.13268,7294525.264,967837.612
5/3/22 4:00,DOGE/USD,0.13123,0.1319,0.12643,0.12966,5669218.388,735070.8563
5/2/22 12:00,DOGE/USD,0.12994,0.13227,0.12758,0.13107,5262801.941,689795.4503
5/2/22 4:00,DOGE/USD,0.13226,0.13387,0.12758,0.13123,5083047.417,667048.3125
5/1/22 12:00,DOGE/USD,0.13088,0.13456,0.12957,0.12994,4469505.221,580767.5084
5/1/22 4:00,DOGE/USD,0.13017,0.13661,0.12897,0.13226,6055151.749,800854.3703
4/30/22 12:00,DOGE/USD,0.13494,0.13661,0.12419,0.13088,8547538.127,1118701.79
4/30/22 4:00,DOGE/USD,0.13579,0.13681,0.12419,0.13017,7027401.57,914756.8624
4/29/22 12:00,DOGE/USD,0.13815,0.14125,0.13315,0.13494,8426183.136,1137029.152
4/29/22 4:00,DOGE/USD,0.14151,0.14502,0.13315,0.13579,10372425.22,1408471.621
4/28/22 12:00,DOGE/USD,0.14007,0.14502,0.1354,0.13815,11366402.05,1570268.444
4/28/22 4:00,DOGE/USD,0.13929,0.14226,0.1354,0.14151,11958258.01,1692213.091
4/27/22 12:00,DOGE/USD,0.13959,0.14348,0.13667,0.14007,15894032.19,2226277.089
4/27/22 4:00,DOGE/USD,0.13984,0.14341,0.13667,0.13929,11450781.58,1594979.367
4/26/22 12:00,DOGE/USD,0.15927,0.16121,0.13516,0.13959,33563631.01,4685147.252
4/26/22 4:00,DOGE/USD,0.1535,0.16652,0.13516,0.13984,42790844.39,5983871.68
4/25/22 12:00,DOGE/USD,0.13936,0.17076,0.13722,0.15927,76517604.38,12186958.85
4/25/22 4:00,DOGE/USD,0.12864,0.17076,0.12251,0.1535,73347967.65,11258913.03
4/24/22 12:00,DOGE/USD,0.13276,0.13987,0.12251,0.13936,16520456.83,2302290.864
4/24/22 4:00,DOGE/USD,0.13434,0.13475,0.12483,0.12864,5346549.646,687780.1465
4/23/22 12:00,DOGE/USD,0.13537,0.1359,0.13253,0.13276,1918250.84,254666.9816
4/23/22 4:00,DOGE/USD,0.13488,0.1359,0.13329,0.13434,3265606.944,438701.6369
4/22/22 12:00,DOGE/USD,0.13708,0.13741,0.1334,0.13537,5109151.489,691625.837
4/22/22 4:00,DOGE/USD,0.13664,0.13811,0.13468,0.13488,4252106.226,573524.0878
4/21/22 12:00,DOGE/USD,0.14096,0.14298,0.1342,0.13708,7372984.066,1010688.656
4/21/22 4:00,DOGE/USD,0.14092,0.14298,0.1342,0.13664,8027082.277,1096820.522
4/20/22 12:00,DOGE/USD,0.14588,0.14609,0.1388,0.14096,6753395.703,951958.6583
4/20/22 4:00,DOGE/USD,0.143,0.143,0.14057,0.14092,1014109.579,142908.3218
4/19/22 12:00,DOGE/USD,0.13993,0.14665,0.13988,0.14588,8431416.899,1229975.097
4/19/22 4:00,DOGE/USD,0.13962,0.14446,0.13927,0.143,7358911.302,1052324.316
4/18/22 12:00,DOGE/USD,0.13509,0.14144,0.1344,0.13993,7748718.485,1084278.178
4/18/22 4:00,DOGE/USD,0.14003,0.14144,0.13313,0.13962,10386410.22,1450150.595
4/17/22 12:00,DOGE/USD,0.14374,0.14489,0.13313,0.13509,9106162.663,1230151.514
4/17/22 4:00,DOGE/USD,0.14294,0.14489,0.13844,0.14003,5783965.24,809928.6526
4/16/22 12:00,DOGE/USD,0.14411,0.14482,0.14145,0.14374,2793898.794,401595.0126
4/16/22 4:00,DOGE/USD,0.1468,0.14704,0.14145,0.14294,3216602.216,459781.1207
4/15/22 12:00,DOGE/USD,0.14778,0.14855,0.14332,0.14411,7415613.399,1068664.047
4/15/22 4:00,DOGE/USD,0.14383,0.14979,0.14316,0.1468,11166806.31,1639287.166
4/14/22 12:00,DOGE/USD,0.14498,0.14979,0.1386,0.14778,16680058.83,2464979.094
4/14/22 4:00,DOGE/USD,0.14105,0.14754,0.137,0.14383,18257447.81,2625968.719
4/13/22 12:00,DOGE/USD,0.13793,0.14754,0.13625,0.14498,13503175.44,1957690.375
4/13/22 4:00,DOGE/USD,0.14055,0.14228,0.13905,0.14105,2422621.397,341710.7481
4/12/22 12:00,DOGE/USD,0.14186,0.14458,0.13455,0.13793,12667363.79,1747209.488
4/12/22 4:00,DOGE/USD,0.13595,0.14458,0.13455,0.14055,12445195.69,1749172.254
4/11/22 12:00,DOGE/USD,0.14066,0.14268,0.13305,0.14186,12281612.2,1742269.506
4/11/22 4:00,DOGE/USD,0.14624,0.14761,0.13305,0.13595,19902662.15,2705766.919
4/10/22 12:00,DOGE/USD,0.14952,0.15816,0.13819,0.14066,29251238.65,4114479.229
4/10/22 4:00,DOGE/USD,0.14987,0.15816,0.14495,0.14624,22253273.11,3254318.66
4/9/22 12:00,DOGE/USD,0.14294,0.15187,0.14236,0.14952,8799640.238,1315722.208
4/9/22 4:00,DOGE/USD,0.1423,0.15187,0.14169,0.14987,8054372.269,1207108.772
4/8/22 12:00,DOGE/USD,0.14485,0.15014,0.14062,0.14294,7275886.336,1040015.193
4/8/22 4:00,DOGE/USD,0.15038,0.15343,0.14062,0.1423,10362027.33,1474516.489
4/7/22 12:00,DOGE/USD,0.14703,0.15343,0.14085,0.14485,11659675.45,1688903.989
4/7/22 4:00,DOGE/USD,0.14276,0.15145,0.14085,0.15038,10404152.14,1564576.399
4/6/22 12:00,DOGE/USD,0.15323,0.15504,0.13987,0.14703,22017899.46,3237291.757
4/6/22 4:00,DOGE/USD,0.1598,0.1598,0.13987,0.14276,15023373.61,2144736.817
4/5/22 12:00,DOGE/USD,0.15203,0.18,0.15135,0.15323,49170322.47,7534368.513
4/5/22 4:00,DOGE/USD,0.15044,0.18,0.14949,0.1598,45187784.93,7221008.032
4/4/22 12:00,DOGE/USD,0.15489,0.15554,0.14145,0.15203,39562290.38,6014655.006
4/4/22 4:00,DOGE/USD,0.14466,0.15657,0.14141,0.15044,53098328.05,7988112.472
4/3/22 12:00,DOGE/USD,0.14053,0.15657,0.14045,0.15489,33357269.32,5166707.444
4/3/22 4:00,DOGE/USD,0.13919,0.14956,0.13916,0.14466,15428500.75,2231886.919
4/2/22 12:00,DOGE/USD,0.14316,0.14439,0.1363,0.14053,22410772.57,3149385.869
4/2/22 4:00,DOGE/USD,0.14287,0.14439,0.1363,0.13919,25871631.03,3601072.323
4/1/22 12:00,DOGE/USD,0.13656,0.14426,0.13507,0.14316,17722979.89,2537221.801
4/1/22 4:00,DOGE/USD,0.13494,0.14426,0.13436,0.14287,14394141.68,2056491.022
3/31/22 12:00,DOGE/USD,0.14555,0.14638,0.13226,0.13656,15453894.19,2110383.791
3/31/22 4:00,DOGE/USD,0.1447,0.14794,0.13226,0.13494,15654134.59,2112368.921
3/30/22 12:00,DOGE/USD,0.14376,0.14794,0.14066,0.14555,8285695.395,1205982.965
3/30/22 4:00,DOGE/USD,0.14249,0.14598,0.14162,0.1447,4185886.884,605697.8321
3/29/22 12:00,DOGE/USD,0.14766,0.14889,0.13817,0.14376,10958355.78,1575373.228
3/29/22 4:00,DOGE/USD,0.14456,0.14889,0.13817,0.14249,12189632.7,1736900.764
3/28/22 12:00,DOGE/USD,0.14919,0.15389,0.14073,0.14766,17010301.06,2511741.054
3/28/22 4:00,DOGE/USD,0.14894,0.15389,0.14073,0.14456,19464988.01,2813858.667
3/27/22 12:00,DOGE/USD,0.13958,0.15114,0.13631,0.14919,16635980.95,2481921.998
3/27/22 4:00,DOGE/USD,0.14135,0.15041,0.13631,0.14894,13511135.13,2012348.467
3/26/22 12:00,DOGE/USD,0.13304,0.14315,0.13166,0.13958,8490002.78,1185034.588
3/26/22 4:00,DOGE/USD,0.13132,0.1421,0.13108,0.14135,7085326.216,1001510.861
3/25/22 12:00,DOGE/USD,0.13579,0.13766,0.1275,0.13304,7628807.409,1014936.538
3/25/22 4:00,DOGE/USD,0.13536,0.13766,0.1275,0.13132,9160448.691,1202950.122
3/24/22 12:00,DOGE/USD,0.13811,0.13867,0.13214,0.13579,13500128.87,1833182.499
3/24/22 4:00,DOGE/USD,0.13637,0.14137,0.13214,0.13536,17971360.4,2432603.344
3/23/22 12:00,DOGE/USD,0.12238,0.14137,0.12176,0.13811,31511584.98,4352065.001
3/23/22 4:00,DOGE/USD,0.12187,0.13848,0.12187,0.13637,11965057.71,1631674.92
3/22/22 12:00,DOGE/USD,0.12392,0.12564,0.12117,0.12238,4654845.828,569660.0324
3/22/22 4:00,DOGE/USD,0.12174,0.12564,0.1212,0.12187,4585796.843,558871.0613
3/21/22 12:00,DOGE/USD,0.12074,0.12444,0.11818,0.12392,4648609.773,576055.7231
3/21/22 4:00,DOGE/USD,0.11944,0.1225,0.11878,0.12174,1265529.166,154065.5207
3/20/22 12:00,DOGE/USD,0.12044,0.12168,0.11749,0.12074,3759188.482,453884.4173
3/20/22 4:00,DOGE/USD,0.12228,0.12307,0.11749,0.11944,3584339.792,428113.5447
3/19/22 12:00,DOGE/USD,0.12178,0.12513,0.12017,0.12044,5180779.51,623973.0842
3/19/22 4:00,DOGE/USD,0.11878,0.12513,0.11869,0.12228,5637832.435,689394.1502
3/18/22 12:00,DOGE/USD,0.11479,0.12251,0.11454,0.12178,8083171.464,984368.6209
3/18/22 4:00,DOGE/USD,0.11501,0.12049,0.11436,0.11878,7813395.853,928075.1594
3/17/22 12:00,DOGE/USD,0.11687,0.11807,0.11436,0.11479,4776214.385,548261.6492
3/17/22 4:00,DOGE/USD,0.11695,0.11944,0.11474,0.11501,5283316.61,607634.2433
3/16/22 12:00,DOGE/USD,0.11417,0.11944,0.11253,0.11687,4500943.431,526025.2587
3/16/22 4:00,DOGE/USD,0.11274,0.11779,0.11253,0.11695,2831622.726,331158.2779
3/15/22 12:00,DOGE/USD,0.11149,0.116,0.11091,0.11417,5043704.624,575839.7569
3/15/22 4:00,DOGE/USD,0.11247,0.116,0.11022,0.11274,4623027.762,521200.1499
3/14/22 12:00,DOGE/USD,0.11487,0.11519,0.11022,0.11149,4340561.49,483929.2006
3/14/22 4:00,DOGE/USD,0.11137,0.122,0.11133,0.11247,8410153.993,945890.0196
3/13/22 12:00,DOGE/USD,0.11492,0.122,0.10997,0.11487,7613211.625,874529.6193
3/13/22 4:00,DOGE/USD,0.11588,0.11628,0.10997,0.11137,3150948.905,350921.1795
3/12/22 12:00,DOGE/USD,0.11601,0.11673,0.11425,0.11492,1395714.882,160395.5542
3/12/22 4:00,DOGE/USD,0.11642,0.11703,0.11425,0.11588,1251021.878,144968.4152
3/11/22 12:00,DOGE/USD,0.11772,0.11861,0.11384,0.11601,2496291.555,289594.7833
3/11/22 4:00,DOGE/USD,0.11587,0.11861,0.11384,0.11642,2912682.441,339094.4898
3/10/22 12:00,DOGE/USD,0.11664,0.1184,0.11465,0.11772,3934424.561,463160.4593
3/10/22 4:00,DOGE/USD,0.11898,0.11908,0.11465,0.11587,3977315.93,460851.5968
3/9/22 12:00,DOGE/USD,0.12302,0.12352,0.11544,0.11664,3846908.553,448703.4136
3/9/22 4:00,DOGE/USD,0.12157,0.12207,0.11843,0.11898,1079861.552,128481.9274
3/8/22 12:00,DOGE/USD,0.1192,0.12441,0.11532,0.12302,4462629.689,548992.7043
3/8/22 4:00,DOGE/USD,0.11897,0.12175,0.11671,0.12157,655507.0459,79689.99157
3/7/22 12:00,DOGE/USD,0.12003,0.12264,0.1133,0.1192,5706878.506,680259.9179
3/7/22 4:00,DOGE/USD,0.11912,0.12264,0.1133,0.11897,5104490.877,607281.2796
3/6/22 12:00,DOGE/USD,0.12233,0.12391,0.11822,0.12003,3308132.885,397075.1901
3/6/22 4:00,DOGE/USD,0.12414,0.12489,0.11822,0.11912,4061404.055,483794.451
3/5/22 12:00,DOGE/USD,0.12391,0.12558,0.1215,0.12233,2336208.205,285788.3497
3/5/22 4:00,DOGE/USD,0.1227,0.12558,0.12202,0.12414,1557129.54,193302.0611
3/4/22 12:00,DOGE/USD,0.12819,0.12861,0.12019,0.12391,5549038.937,687581.4147
3/4/22 4:00,DOGE/USD,0.12602,0.12861,0.12019,0.1227,7662723.762,940216.2056
3/3/22 12:00,DOGE/USD,0.13205,0.13379,0.12488,0.12819,5707307.806,731619.7876
3/3/22 4:00,DOGE/USD,0.13202,0.13379,0.12488,0.12602,3982072.613,501820.7907
3/2/22 12:00,DOGE/USD,0.13482,0.13557,0.13063,0.13205,14403039.46,1901921.361
3/2/22 4:00,DOGE/USD,0.13496,0.13496,0.13113,0.13202,1496062.948,197510.2304
3/1/22 12:00,DOGE/USD,0.13194,0.146,0.13194,0.13482,84127769.4,11342105.87
3/1/22 4:00,DOGE/USD,0.13259,0.146,0.1298,0.13496,84886789.74,11456321.14
2/28/22 12:00,DOGE/USD,0.12403,0.13999,0.12292,0.13194,33796100.65,4459057.519
2/28/22 4:00,DOGE/USD,0.12337,0.13999,0.12165,0.13259,32079828.63,4253464.478
2/27/22 12:00,DOGE/USD,0.12749,0.12838,0.1212,0.12403,3078567.02,381834.6675
2/27/22 4:00,DOGE/USD,0.12502,0.12838,0.1212,0.12337,3034324.003,374344.5523
2/26/22 12:00,DOGE/USD,0.12664,0.12908,0.1239,0.12749,2397120.674,305608.9148
2/26/22 4:00,DOGE/USD,0.12912,0.12967,0.1239,0.12502,2541989.421,317799.5174
2/25/22 12:00,DOGE/USD,0.12406,0.13066,0.12329,0.12664,17338318.37,2195724.638
2/25/22 4:00,DOGE/USD,0.12361,0.13066,0.12061,0.12912,18015617.56,2326176.539
2/24/22 12:00,DOGE/USD,0.11187,0.12696,0.1104,0.12406,24076474.57,2986927.435
2/24/22 4:00,DOGE/USD,0.11569,0.12498,0.11569,0.12361,1500006.853,185415.8471
2/23/22 12:00,DOGE/USD,0.13394,0.13558,0.1067,0.11187,14564369.44,1629316.009
2/23/22 4:00,DOGE/USD,0.13045,0.13558,0.11352,0.11569,8731066.04,1010097.03
2/22/22 12:00,DOGE/USD,0.12929,0.135,0.12833,0.13394,4977808.211,666727.6317
2/22/22 4:00,DOGE/USD,0.1256,0.132,0.12475,0.13045,4981674.181,649859.3969
2/21/22 12:00,DOGE/USD,0.13509,0.13893,0.12398,0.12929,7701571.859,995736.2257
2/21/22 4:00,DOGE/USD,0.13914,0.14186,0.12398,0.1256,7863646.432,987673.9919
2/20/22 12:00,DOGE/USD,0.13701,0.14186,0.13413,0.13509,2756672.106,372398.8347
2/20/22 4:00,DOGE/USD,0.1388,0.14012,0.13513,0.13914,3467413.827,482455.9598
2/19/22 12:00,DOGE/USD,0.1409,0.14284,0.13513,0.13701,3773984.917,517073.6735
2/19/22 4:00,DOGE/USD,0.14145,0.14633,0.1379,0.1388,3126803.684,434000.3514
2/18/22 12:00,DOGE/USD,0.13999,0.14633,0.13612,0.1409,6456471.198,909716.7919
2/18/22 4:00,DOGE/USD,0.14105,0.14284,0.13612,0.14145,5751777.245,813588.8913
2/17/22 12:00,DOGE/USD,0.14729,0.1479,0.13716,0.13999,4588617.365,642360.545
2/17/22 4:00,DOGE/USD,0.14799,0.14983,0.13716,0.14105,4365073.654,615693.639
2/16/22 12:00,DOGE/USD,0.14963,0.15026,0.14624,0.14729,3691128.681,543666.3435
2/16/22 4:00,DOGE/USD,0.15006,0.15026,0.14647,0.14799,2591781.965,383557.813
2/15/22 12:00,DOGE/USD,0.15027,0.15237,0.14793,0.14963,3255362.998,487099.9654
2/15/22 4:00,DOGE/USD,0.14836,0.15237,0.14737,0.15006,4897247.336,734880.9352
2/14/22 12:00,DOGE/USD,0.14436,0.15134,0.14321,0.15027,5919803.079,889568.8087
2/14/22 4:00,DOGE/USD,0.14528,0.14937,0.14292,0.14836,4465342.158,662478.1625
2/13/22 12:00,DOGE/USD,0.15142,0.15792,0.14292,0.14436,21860395.35,3155766.673
2/13/22 4:00,DOGE/USD,0.14455,0.15792,0.14357,0.14528,22903794.54,3327463.27
2/12/22 12:00,DOGE/USD,0.14314,0.1558,0.1411,0.15142,4622587.08,699952.1356
2/12/22 4:00,DOGE/USD,0.14518,0.14749,0.14065,0.14455,4440485.818,641872.225
2/11/22 12:00,DOGE/USD,0.15248,0.15432,0.14065,0.14314,6681964.227,956456.3595
2/11/22 4:00,DOGE/USD,0.15222,0.15432,0.14221,0.14518,5874650.982,852881.8296
2/10/22 12:00,DOGE/USD,0.15936,0.1599,0.14891,0.15248,10530670.45,1605716.631
2/10/22 4:00,DOGE/USD,0.15783,0.16056,0.14891,0.15222,10885458.08,1656984.429
2/9/22 12:00,DOGE/USD,0.15789,0.16236,0.15621,0.15936,8062798.914,1284887.635
2/9/22 4:00,DOGE/USD,0.15595,0.1597,0.15595,0.15783,130539.4192,20603.03653
2/8/22 12:00,DOGE/USD,0.15976,0.16015,0.15318,0.15789,8321293.012,1313848.954
2/8/22 4:00,DOGE/USD,0.16525,0.16985,0.15318,0.15595,12521591.27,1952742.158
2/7/22 12:00,DOGE/USD,0.15755,0.17312,0.15609,0.15976,23243600.37,3713397.595
2/7/22 4:00,DOGE/USD,0.1595,0.17312,0.15493,0.16525,18851730.52,3115248.468
2/6/22 12:00,DOGE/USD,0.14711,0.16104,0.14471,0.15755,10251633.43,1615144.847
2/6/22 4:00,DOGE/USD,0.14809,0.16104,0.14471,0.1595,9124635.822,1455379.414
2/5/22 12:00,DOGE/USD,0.14942,0.15071,0.14463,0.14711,3348283.697,492566.0146
2/5/22 4:00,DOGE/USD,0.1479,0.15071,0.14463,0.14809,7172245.222,1062137.795
2/4/22 12:00,DOGE/USD,0.13946,0.15046,0.1379,0.14942,11040099.08,1649611.604
2/4/22 4:00,DOGE/USD,0.13822,0.14978,0.1379,0.1479,8626475.524,1275855.73
2/3/22 12:00,DOGE/USD,0.13608,0.14114,0.13481,0.13946,6684998.557,932289.8987
2/3/22 4:00,DOGE/USD,0.13774,0.13885,0.13481,0.13822,7732038.884,1068722.415
2/2/22 12:00,DOGE/USD,0.14435,0.14515,0.13507,0.13608,11399737.71,1551276.308
2/2/22 4:00,DOGE/USD,0.14298,0.14298,0.13579,0.13774,5007759.389,689768.7783
2/1/22 12:00,DOGE/USD,0.14256,0.14634,0.14146,0.14435,6234665.686,899973.9918
2/1/22 4:00,DOGE/USD,0.14369,0.14438,0.14135,0.14298,8747483.286,1250715.16
1/31/22 12:00,DOGE/USD,0.1387,0.14438,0.13769,0.14256,12713617.62,1812453.328
1/31/22 4:00,DOGE/USD,0.13789,0.14407,0.13643,0.14369,9886463.211,1420585.899
1/30/22 12:00,DOGE/USD,0.14306,0.14335,0.13643,0.1387,9593057.359,1330557.056
1/30/22 4:00,DOGE/USD,0.14181,0.14366,0.13652,0.13789,9755948.757,1345247.774
1/29/22 12:00,DOGE/USD,0.14284,0.14428,0.14055,0.14306,7587132.101,1085415.118
1/29/22 4:00,DOGE/USD,0.14202,0.14428,0.14055,0.14181,6827221.645,968168.3015
1/28/22 12:00,DOGE/USD,0.13875,0.14375,0.1379,0.14284,5215209.255,744940.49
1/28/22 4:00,DOGE/USD,0.14107,0.14282,0.1379,0.14202,6058395.787,860413.3697
1/27/22 12:00,DOGE/USD,0.14246,0.14599,0.13614,0.13875,8742880.614,1213074.685
1/27/22 4:00,DOGE/USD,0.14012,0.14599,0.13614,0.14107,10808590.09,1524767.804
1/26/22 12:00,DOGE/USD,0.15085,0.1534,0.13839,0.14246,16286426.56,2320164.327
1/26/22 4:00,DOGE/USD,0.1459,0.1534,0.13839,0.14012,8622126.733,1208132.398
1/25/22 12:00,DOGE/USD,0.1358,0.1516,0.13492,0.15085,37549831.91,5664392.143
1/25/22 4:00,DOGE/USD,0.13659,0.1506,0.13259,0.1459,29799542.17,4347753.202
1/24/22 4:00,DOGE/USD,0.13936,0.14097,0.12594,0.13659,45897625.68,6269156.692
1/23/22 4:00,DOGE/USD,0.13679,0.14458,0.13481,0.13936,21599313.28,3010080.298
1/22/22 4:00,DOGE/USD,0.14229,0.14366,0.12011,0.13679,35177035.53,4811866.689
1/21/22 4:00,DOGE/USD,0.14982,0.15485,0.13972,0.14229,22092358.58,3143521.702
1/20/22 4:00,DOGE/USD,0.16544,0.16932,0.14867,0.14982,15559178.39,2331076.107
1/19/22 4:00,DOGE/USD,0.16628,0.16635,0.16101,0.16544,2893802.988,478750.7664
1/18/22 4:00,DOGE/USD,0.16867,0.17232,0.16176,0.16628,16818219.46,2796533.532
1/17/22 4:00,DOGE/USD,0.16965,0.17455,0.16575,0.16867,14602891.72,2463069.746
1/16/22 4:00,DOGE/USD,0.18023,0.18438,0.16927,0.16965,14356599.49,2435597.104
1/15/22 4:00,DOGE/USD,0.19067,0.19491,0.17875,0.18023,9895028.214,1783380.935
1/14/22 4:00,DOGE/USD,0.17621,0.215,0.175,0.19067,80487595.87,15346569.91
1/13/22 4:00,DOGE/USD,0.16664,0.1814,0.16149,0.17621,28310029.15,4988510.237
1/12/22 4:00,DOGE/USD,0.15311,0.16794,0.15311,0.16664,8422458.192,1403518.433
1/11/22 4:00,DOGE/USD,0.14571,0.16685,0.14295,0.15311,18085950.26,2769139.844
1/10/22 4:00,DOGE/USD,0.15107,0.15212,0.13704,0.14571,19231955.68,2802288.263
1/9/22 4:00,DOGE/USD,0.15154,0.15377,0.14857,0.15107,4422926.951,668171.5745
1/8/22 4:00,DOGE/USD,0.15652,0.15786,0.14528,0.15154,14736744.05,2233206.193
1/7/22 4:00,DOGE/USD,0.15304,0.15801,0.14922,0.15652,17782308.41,2783286.912
1/6/22 4:00,DOGE/USD,0.15489,0.16202,0.1518,0.15304,9553163.51,1462016.144
1/5/22 4:00,DOGE/USD,0.16979,0.17067,0.14751,0.15489,14986113.47,2321199.115
1/4/22 4:00,DOGE/USD,0.16986,0.1725,0.16671,0.16979,14889982.19,2528170.077
1/3/22 4:00,DOGE/USD,0.17192,0.1734,0.16756,0.16986,3041303.108,516595.746
1/2/22 4:00,DOGE/USD,0.17271,0.17633,0.17069,0.17192,2567188.889,441351.1139
1/1/22 4:00,DOGE/USD,0.17147,0.17374,0.16968,0.17271,3545594.455,612359.6184
12/31/21 4:00,DOGE/USD,0.17145,0.17573,0.16625,0.17147,15086666.54,2586910.712
12/30/21 4:00,DOGE/USD,0.16903,0.17573,0.16881,0.17145,12334298.51,2114715.479
12/29/21 4:00,DOGE/USD,0.17678,0.17709,0.16521,0.16903,14013615.08,2368721.357
12/28/21 4:00,DOGE/USD,0.18126,0.18228,0.1718,0.17678,13353939.57,2360709.437
12/27/21 4:00,DOGE/USD,0.19079,0.1929,0.1784,0.18126,11708618.69,2122304.223
12/26/21 4:00,DOGE/USD,0.18608,0.19257,0.18526,0.19079,5313867.011,1013832.687
12/25/21 4:00,DOGE/USD,0.18736,0.19556,0.18563,0.18608,15500189.26,2884275.218
12/24/21 4:00,DOGE/USD,0.18303,0.19555,0.17956,0.18736,29306835.84,5490928.764
12/23/21 4:00,DOGE/USD,0.17454,0.18531,0.17367,0.18303,26062069.65,4770140.607
12/22/21 4:00,DOGE/USD,0.1723,0.17722,0.17136,0.17454,5348328.585,933497.2712
12/21/21 4:00,DOGE/USD,0.16994,0.17325,0.16801,0.1723,9297171.432,1601902.638
12/20/21 4:00,DOGE/USD,0.16992,0.17083,0.16122,0.16994,14622656.87,2484974.309
12/19/21 4:00,DOGE/USD,0.17278,0.17465,0.16762,0.16992,6289200.796,1068660.999
12/18/21 4:00,DOGE/USD,0.1697,0.1758,0.16889,0.17278,15833261.49,2735670.92
12/17/21 4:00,DOGE/USD,0.17441,0.18145,0.16158,0.1697,21163679.85,3591476.47
12/16/21 4:00,DOGE/USD,0.18073,0.18073,0.17239,0.17441,1619210.78,282406.5521
12/15/21 4:00,DOGE/USD,0.18382,0.18615,0.17062,0.18073,38742705.63,7001969.188
12/14/21 4:00,DOGE/USD,0.15732,0.22018,0.155,0.18382,241550886.1,44401883.88
12/13/21 4:00,DOGE/USD,0.1652,0.16639,0.15175,0.15732,15753513.07,2478342.676
12/12/21 4:00,DOGE/USD,0.16814,0.17376,0.16336,0.1652,12194511.41,2014533.285
12/11/21 4:00,DOGE/USD,0.16518,0.17001,0.16458,0.16814,7414310.126,1246642.105
12/10/21 4:00,DOGE/USD,0.17151,0.17284,0.16142,0.16518,11889220.81,1963861.493
12/9/21 4:00,DOGE/USD,0.17708,0.17708,0.16909,0.17151,4320898.094,741077.232
12/8/21 4:00,DOGE/USD,0.17691,0.18228,0.1727,0.17708,11398475.31,2018442.008
12/7/21 4:00,DOGE/USD,0.17948,0.18416,0.17356,0.17691,27721567.41,4904222.491
12/6/21 4:00,DOGE/USD,0.17147,0.18441,0.15973,0.17948,61870653.24,11104544.84
12/5/21 4:00,DOGE/USD,0.17902,0.181,0.16257,0.17147,24712245.14,4237408.675
12/4/21 4:00,DOGE/USD,0.19018,0.19361,0.12941,0.17902,114686632.5,20531200.95
12/3/21 4:00,DOGE/USD,0.20737,0.21222,0.19,0.19018,21911882.05,4167201.729
12/2/21 4:00,DOGE/USD,0.20425,0.21316,0.20425,0.20737,4462660.663,925421.9417
12/1/21 4:00,DOGE/USD,0.21657,0.21657,0.20174,0.20425,5400503.034,1103052.745
11/30/21 4:00,DOGE/USD,0.22149,0.2276,0.21293,0.21657,21214425.22,4594408.07
11/29/21 4:00,DOGE/USD,0.20554,0.2253,0.20299,0.22149,31314492.75,6935847
11/28/21 4:00,DOGE/USD,0.1995,0.20894,0.19182,0.20554,9064509.02,1863119.184
11/27/21 4:00,DOGE/USD,0.2053,0.20962,0.19689,0.1995,9886749.126,1972406.451
11/26/21 4:00,DOGE/USD,0.21879,0.21879,0.18893,0.2053,47968579.66,9847949.404
11/25/21 4:00,DOGE/USD,0.21969,0.22953,0.215,0.21879,11130053.07,2435144.312
11/24/21 4:00,DOGE/USD,0.2232,0.2251,0.21149,0.21969,12063935.78,2650326.051
11/23/21 4:00,DOGE/USD,0.22271,0.23696,0.21403,0.2232,14776961.13,3298217.723
11/22/21 4:00,DOGE/USD,0.22245,0.22763,0.217,0.22271,5883716.514,1310362.505
11/21/21 4:00,DOGE/USD,0.2289,0.23164,0.22082,0.22245,4972561.069,1106146.21
11/20/21 4:00,DOGE/USD,0.2336,0.23569,0.22584,0.2289,5536729.229,1267357.32
11/19/21 4:00,DOGE/USD,0.21863,0.23756,0.21863,0.2336,6723746.568,1570667.198
11/18/21 4:00,DOGE/USD,0.23756,0.23756,0.21586,0.21863,10213493.13,2232976.003
11/17/21 4:00,DOGE/USD,0.23277,0.24163,0.23048,0.23756,4735523.409,1124970.941
11/16/21 4:00,DOGE/USD,0.24702,0.24932,0.22381,0.23277,15757640.36,3667905.947
11/15/21 4:00,DOGE/USD,0.26226,0.26466,0.24371,0.24702,12442106.95,3073449.259
11/14/21 4:00,DOGE/USD,0.26115,0.2718,0.25974,0.26226,9797303.62,2569440.847
11/13/21 4:00,DOGE/USD,0.25645,0.2633,0.2544,0.26115,6514622.681,1701293.713
11/12/21 4:00,DOGE/USD,0.26573,0.26573,0.25527,0.25645,3922604.73,1005951.983
11/11/21 4:00,DOGE/USD,0.26177,0.27135,0.25656,0.26573,10767690.88,2861298.498
11/10/21 4:00,DOGE/USD,0.2705,0.27718,0.23667,0.26177,26168266.4,6850067.097
11/9/21 4:00,DOGE/USD,0.28361,0.29049,0.26876,0.2705,10396762.81,2812324.341
11/8/21 4:00,DOGE/USD,0.26959,0.29745,0.26954,0.28361,25240453.05,7158444.891
11/7/21 4:00,DOGE/USD,0.26255,0.27419,0.25888,0.26959,8367796.421,2255874.237
11/6/21 4:00,DOGE/USD,0.26371,0.26548,0.2506,0.26255,15585727.02,4092032.629
11/5/21 4:00,DOGE/USD,0.26193,0.27076,0.25692,0.26371,21139071.57,5574584.563
11/4/21 4:00,DOGE/USD,0.26968,0.26968,0.25445,0.26193,14307213.17,3747488.347
11/3/21 4:00,DOGE/USD,0.27165,0.27748,0.2628,0.26968,26217961.12,7070459.754
11/2/21 4:00,DOGE/USD,0.2705,0.28092,0.26994,0.27165,33177624.32,9012701.647
11/1/21 4:00,DOGE/USD,0.26617,0.28107,0.26385,0.2705,44749142.14,12104642.95
10/31/21 4:00,DOGE/USD,0.26754,0.2865,0.25232,0.26617,65635385.98,17470170.69
10/30/21 4:00,DOGE/USD,0.28492,0.28492,0.26108,0.26754,12616643.02,3375456.675
10/29/21 4:00,DOGE/USD,0.2939,0.30025,0.27623,0.28492,60152622.27,17138685.14
10/28/21 4:00,DOGE/USD,0.23582,0.34002,0.23476,0.2939,294315432,86499305.47
10/27/21 4:00,DOGE/USD,0.25901,0.25901,0.23188,0.23582,3746771.6,883563.6788
10/26/21 4:00,DOGE/USD,0.26446,0.27403,0.25233,0.25901,27429017.05,7104389.706
10/25/21 4:00,DOGE/USD,0.2684,0.27326,0.25849,0.26446,37030256.83,9793021.722
10/24/21 4:00,DOGE/USD,0.25009,0.28313,0.24599,0.2684,82305974.27,22090923.49
10/23/21 4:00,DOGE/USD,0.24604,0.25389,0.24125,0.25009,25472408.72,6370394.698
10/22/21 4:00,DOGE/USD,0.24529,0.25291,0.235,0.24604,23356817.44,5746711.362
10/21/21 4:00,DOGE/USD,0.25259,0.25755,0.24058,0.24529,30210027.7,7410217.694
10/20/21 4:00,DOGE/USD,0.24288,0.26178,0.24288,0.25259,33763816.17,8528402.328
10/19/21 4:00,DOGE/USD,0.25473,0.25473,0.24041,0.24288,20627197.52,5009933.733
10/18/21 4:00,DOGE/USD,0.23787,0.2724,0.23746,0.25473,70703686.51,18010350.07
10/17/21 4:00,DOGE/USD,0.237,0.24225,0.22525,0.23787,20552548.22,4888834.645
10/16/21 4:00,DOGE/USD,0.2365,0.2443,0.23392,0.237,17221491.3,4081493.438
10/15/21 4:00,DOGE/USD,0.23364,0.24542,0.22436,0.2365,40311948.71,9533775.871
10/14/21 4:00,DOGE/USD,0.23635,0.23635,0.22743,0.23364,4537179.469,1060066.611
10/13/21 4:00,DOGE/USD,0.22914,0.2403,0.22063,0.23635,11829244.31,2795841.892
10/12/21 4:00,DOGE/USD,0.22362,0.2298,0.21624,0.22914,14957139.71,3427278.993
10/11/21 4:00,DOGE/USD,0.23596,0.23596,0.22229,0.22362,5708928.536,1276630.599
10/10/21 4:00,DOGE/USD,0.24495,0.24848,0.22609,0.23596,15144006.75,3573379.832
10/9/21 4:00,DOGE/USD,0.24625,0.25262,0.24239,0.24495,9912425.643,2428048.661
10/8/21 4:00,DOGE/USD,0.24395,0.25476,0.24109,0.24625,22218408.93,5471283.198
10/7/21 4:00,DOGE/USD,0.24009,0.25673,0.23951,0.24395,19408206.39,4734631.949
10/6/21 4:00,DOGE/USD,0.25429,0.26104,0.23577,0.24009,20629569.82,4952953.418
10/5/21 4:00,DOGE/USD,0.2424,0.26789,0.23289,0.25429,28449040.81,7234306.589
10/4/21 4:00,DOGE/USD,0.21619,0.24899,0.21273,0.2424,32894684.69,7973671.57
10/3/21 4:00,DOGE/USD,0.21937,0.22695,0.21619,0.21619,5562878.958,1202638.802
10/2/21 4:00,DOGE/USD,0.21684,0.22488,0.21533,0.21937,12192658.58,2674703.512
10/1/21 4:00,DOGE/USD,0.20252,0.22512,0.20208,0.21684,13515271.43,2930651.457
9/30/21 4:00,DOGE/USD,0.20337,0.20592,0.19955,0.20252,6074061.299,1230118.894
9/29/21 4:00,DOGE/USD,0.19937,0.20371,0.19486,0.20337,2440697.727,496364.6968
9/28/21 4:00,DOGE/USD,0.20162,0.20261,0.1949,0.19937,4987362.021,994330.3661
9/27/21 4:00,DOGE/USD,0.2069,0.20873,0.19869,0.20162,3780211.023,762166.1465
9/26/21 4:00,DOGE/USD,0.20516,0.20929,0.19437,0.2069,14098177.63,2916912.951
9/25/21 4:00,DOGE/USD,0.21167,0.21271,0.20265,0.20516,6303177.393,1293159.874
9/24/21 4:00,DOGE/USD,0.22254,0.2235,0.19702,0.21167,19524261.17,4132700.363
9/23/21 4:00,DOGE/USD,0.22518,0.22885,0.21776,0.22254,9966238.344,2217886.681
9/22/21 4:00,DOGE/USD,0.20292,0.23028,0.20292,0.22518,9419921.51,2121177.926
9/21/21 4:00,DOGE/USD,0.20871,0.21823,0.19777,0.20292,24264167.11,4923684.79
9/20/21 4:00,DOGE/USD,0.22195,0.22433,0.19865,0.20871,37326955.23,7790508.827
9/19/21 4:00,DOGE/USD,0.23916,0.24136,0.2188,0.22195,8662155.714,1922565.461
9/18/21 4:00,DOGE/USD,0.24254,0.24734,0.23858,0.23916,2913621.137,696821.6312
9/17/21 4:00,DOGE/USD,0.25102,0.25976,0.2376,0.24254,14994212.35,3636696.263
9/16/21 4:00,DOGE/USD,0.24258,0.25149,0.23323,0.25102,6790474.677,1704544.953
9/15/21 4:00,DOGE/USD,0.24068,0.24837,0.24068,0.24258,3605402.656,874598.5762
9/14/21 4:00,DOGE/USD,0.23639,0.24198,0.23508,0.24068,6371113.679,1533399.64
9/13/21 4:00,DOGE/USD,0.23861,0.24513,0.22857,0.23639,11342166.28,2681174.688
9/12/21 4:00,DOGE/USD,0.2419,0.25499,0.23845,0.23861,16235910.67,3874050.644
9/11/21 4:00,DOGE/USD,0.24048,0.24793,0.23783,0.2419,6970805.001,1686237.73
9/10/21 4:00,DOGE/USD,0.25614,0.2569,0.2356,0.24048,17998662.85,4328318.443
9/9/21 4:00,DOGE/USD,0.25247,0.26175,0.24899,0.25614,12936031.13,3313435.014
9/8/21 4:00,DOGE/USD,0.25455,0.26,0.24929,0.25247,6155531.113,1554086.94
9/7/21 4:00,DOGE/USD,0.3045,0.3063,0.21402,0.25455,80332763.97,20448705.07
9/6/21 4:00,DOGE/USD,0.31043,0.31982,0.30037,0.3045,16416059.63,4998690.158
9/5/21 4:00,DOGE/USD,0.29853,0.3162,0.29641,0.31043,24763237.98,7687251.966
9/4/21 4:00,DOGE/USD,0.29596,0.30861,0.2942,0.29853,17638214.11,5265536.058
9/3/21 4:00,DOGE/USD,0.29593,0.3046,0.29115,0.29596,26911114.59,7964613.473
9/2/21 4:00,DOGE/USD,0.30109,0.30945,0.28754,0.29593,29034519.09,8592185.233
9/1/21 4:00,DOGE/USD,0.27623,0.30953,0.27623,0.30109,13401443.25,4035040.547
8/31/21 4:00,DOGE/USD,0.27496,0.28598,0.27002,0.27623,12563359.23,3470376.721
8/30/21 4:00,DOGE/USD,0.28041,0.2832,0.27,0.27496,13162184.28,3619074.189
8/29/21 4:00,DOGE/USD,0.28046,0.29012,0.27638,0.28041,13962666.75,3915271.383
8/28/21 4:00,DOGE/USD,0.29089,0.29379,0.27865,0.28046,10892169.67,3054817.905
8/27/21 4:00,DOGE/USD,0.26897,0.29983,0.26598,0.29089,16759819.84,4875263.992
8/26/21 4:00,DOGE/USD,0.28174,0.28533,0.264,0.26897,29927174.58,8049512.147
8/25/21 4:00,DOGE/USD,0.28943,0.29618,0.28073,0.28174,10066593.69,2836162.107
8/24/21 4:00,DOGE/USD,0.31267,0.31749,0.27643,0.28943,19423296.46,5621684.694
8/23/21 4:00,DOGE/USD,0.32148,0.32808,0.31128,0.31267,14541615.07,4546726.784
8/22/21 4:00,DOGE/USD,0.31476,0.32332,0.3053,0.32148,14338680,4609598.847
8/21/21 4:00,DOGE/USD,0.32595,0.32946,0.31263,0.31476,15581428.7,4904410.499
8/20/21 4:00,DOGE/USD,0.31635,0.3343,0.31434,0.32595,16968757.63,5530966.55
8/19/21 4:00,DOGE/USD,0.2971,0.32726,0.29381,0.31635,26734740.21,8457535.065
8/18/21 4:00,DOGE/USD,0.29863,0.32563,0.28947,0.2971,25125660.87,7464833.845
8/17/21 4:00,DOGE/USD,0.32852,0.33981,0.27738,0.29863,46531072.68,13895574.23
8/16/21 4:00,DOGE/USD,0.33274,0.35162,0.30626,0.32852,55705086.7,18300235.08
8/15/21 4:00,DOGE/USD,0.30046,0.34992,0.28722,0.33274,44550871.18,14823856.88
8/14/21 4:00,DOGE/USD,0.28902,0.31232,0.27624,0.30046,35775538.84,10749118.4
8/13/21 4:00,DOGE/USD,0.27006,0.29568,0.26713,0.28902,20648453.98,5967816.168
8/12/21 4:00,DOGE/USD,0.2868,0.2884,0.25168,0.27006,34055753.23,9197096.718
8/11/21 4:00,DOGE/USD,0.262,0.29482,0.259,0.2868,36506914.08,10470182.96
8/10/21 4:00,DOGE/USD,0.25196,0.26318,0.24542,0.262,25779865.33,6754324.718
8/9/21 4:00,DOGE/USD,0.2413,0.26669,0.23412,0.25196,43125966.52,10866018.52
8/8/21 4:00,DOGE/USD,0.26422,0.27382,0.23071,0.2413,29072202.03,7015122.35
8/7/21 4:00,DOGE/USD,0.21532,0.28342,0.21166,0.26422,97266340.76,25699712.56
8/6/21 4:00,DOGE/USD,0.19957,0.21532,0.19871,0.21532,16682438.12,3592062.577
8/5/21 4:00,DOGE/USD,0.20014,0.20217,0.19404,0.19957,8899279.892,1776029.288
8/4/21 4:00,DOGE/USD,0.19549,0.20315,0.19549,0.20014,2143254.745,428951.0047
8/3/21 4:00,DOGE/USD,0.20025,0.2015,0.19319,0.19549,7397974.794,1446230.093
8/2/21 4:00,DOGE/USD,0.20466,0.20985,0.19999,0.20025,6584007.153,1318447.432
8/1/21 4:00,DOGE/USD,0.21671,0.21725,0.20147,0.20466,5724694.463,1171615.969
7/31/21 4:00,DOGE/USD,0.20894,0.21802,0.20506,0.21671,6051753.311,1311475.46
7/30/21 4:00,DOGE/USD,0.20802,0.21435,0.19613,0.20894,12784381.35,2671168.639
7/29/21 4:00,DOGE/USD,0.20304,0.2104,0.2006,0.20802,7914607.171,1646396.584
7/28/21 4:00,DOGE/USD,0.20601,0.20773,0.20208,0.20304,3773576.228,766186.9173
7/27/21 4:00,DOGE/USD,0.19852,0.20951,0.19742,0.20601,10026757.01,2065612.213
7/26/21 4:00,DOGE/USD,0.22541,0.233,0.19511,0.19852,36031989.1,7153070.476
7/25/21 4:00,DOGE/USD,0.19336,0.22564,0.19215,0.22541,21521064.37,4851063.12
7/24/21 4:00,DOGE/USD,0.19451,0.20442,0.19137,0.19336,10765729.55,2081661.465
7/23/21 4:00,DOGE/USD,0.19217,0.1994,0.18334,0.19451,8216159.323,1598125.15
7/22/21 4:00,DOGE/USD,0.19014,0.19516,0.18704,0.19217,7602589.421,1460989.609
7/21/21 4:00,DOGE/USD,0.17509,0.20833,0.17509,0.19014,13246999.6,2518784.504
7/20/21 4:00,DOGE/USD,0.16456,0.18,0.1601,0.17509,17869294.18,3128734.717
7/19/21 4:00,DOGE/USD,0.17884,0.18208,0.16251,0.16456,9352177.574,1538994.342
7/18/21 4:00,DOGE/USD,0.19023,0.19255,0.17722,0.17884,5634413.572,1007658.523
7/17/21 4:00,DOGE/USD,0.17106,0.20558,0.16978,0.19023,24011858.62,4567775.865
7/16/21 4:00,DOGE/USD,0.18661,0.18822,0.16905,0.17106,12294823.58,2103152.522
7/15/21 4:00,DOGE/USD,0.19533,0.19533,0.18049,0.18661,10769336.93,2009665.964
7/14/21 4:00,DOGE/USD,0.18973,0.20274,0.18973,0.19533,4240312.273,828260.1963
7/13/21 4:00,DOGE/USD,0.20586,0.20609,0.18754,0.18973,8961577.167,1700280.036
7/12/21 4:00,DOGE/USD,0.21707,0.21901,0.20341,0.20586,7829460.622,1611772.764
7/11/21 4:00,DOGE/USD,0.21179,0.219,0.21058,0.21707,2518193.961,546624.3631
7/10/21 4:00,DOGE/USD,0.21936,0.22059,0.21,0.21179,2804727.762,594013.2926
7/9/21 4:00,DOGE/USD,0.20417,0.22942,0.20204,0.21936,22403398.34,4914409.461
7/8/21 4:00,DOGE/USD,0.21961,0.21961,0.1958,0.20417,14285761.17,2916723.858
7/7/21 4:00,DOGE/USD,0.23464,0.23824,0.21234,0.21961,11279485.65,2477087.844
7/6/21 4:00,DOGE/USD,0.23488,0.24209,0.22943,0.23464,4560968.779,1070185.714
7/5/21 4:00,DOGE/USD,0.24243,0.24429,0.22658,0.23488,7568048.962,1777583.34
7/4/21 4:00,DOGE/USD,0.24499,0.25266,0.24155,0.24243,7866803.812,1907149.248
7/3/21 4:00,DOGE/USD,0.24317,0.25014,0.24251,0.24499,3501365.931,857799.6395
7/2/21 4:00,DOGE/USD,0.24117,0.24891,0.23865,0.24317,7333336.875,1783247.528
7/1/21 4:00,DOGE/USD,0.2435,0.26113,0.23838,0.24117,15581156.54,3757707.522
6/30/21 4:00,DOGE/USD,0.25531,0.25617,0.23811,0.2435,9546140.178,2324485.133
6/29/21 4:00,DOGE/USD,0.2552,0.27529,0.25402,0.25531,7293171.741,1862019.677
6/28/21 4:00,DOGE/USD,0.25581,0.26246,0.25078,0.2552,6451861.419,1646515.034
6/27/21 4:00,DOGE/USD,0.25181,0.26717,0.24051,0.25581,15500837.33,3965269.198
6/26/21 4:00,DOGE/USD,0.24463,0.25523,0.23061,0.25181,17883612.5,4503272.464
6/25/21 4:00,DOGE/USD,0.26271,0.3,0.229,0.24463,36886931.19,9023649.978
6/24/21 4:00,DOGE/USD,0.22932,0.28567,0.22932,0.26271,1134676.432,298090.8455
6/23/21 4:00,DOGE/USD,0.2094,0.24303,0.2094,0.22932,17528760.14,4019695.276
6/22/21 4:00,DOGE/USD,0.20817,0.22184,0.16342,0.2094,95515352.61,20000914.84
6/21/21 4:00,DOGE/USD,0.26513,0.26969,0.16539,0.20817,116531893,24258444.17
6/20/21 4:00,DOGE/USD,0.28344,0.28968,0.25541,0.26513,10664243.52,2827410.883
6/19/21 4:00,DOGE/USD,0.28827,0.29793,0.2802,0.28344,5121468.651,1451629.074
6/18/21 4:00,DOGE/USD,0.30534,0.30577,0.28,0.28827,10582280.07,3050553.874
6/17/21 4:00,DOGE/USD,0.31329,0.31388,0.30077,0.30534,10741355.57,3279765.511
6/16/21 4:00,DOGE/USD,0.31684,0.31684,0.30632,0.31329,1022883.782,320459.2602
6/15/21 4:00,DOGE/USD,0.32683,0.32983,0.31372,0.31684,9862269.302,3124761.406
6/14/21 4:00,DOGE/USD,0.32156,0.3375,0.31965,0.32683,15290370.86,4997351.909
6/13/21 4:00,DOGE/USD,0.30895,0.33039,0.3075,0.32156,10355287.04,3329846.101
6/12/21 4:00,DOGE/USD,0.30649,0.31919,0.3022,0.30895,9393295.545,2902058.659
6/11/21 4:00,DOGE/USD,0.32486,0.33356,0.30108,0.30649,17095684.3,5239656.281
6/10/21 4:00,DOGE/USD,0.33895,0.34313,0.31866,0.32486,19000556.51,6172520.789
6/9/21 4:00,DOGE/USD,0.31846,0.354,0.31846,0.33895,16381647.72,5552559.493
6/8/21 4:00,DOGE/USD,0.32487,0.33756,0.293,0.31846,28333602.55,9023119.067
6/7/21 4:00,DOGE/USD,0.37604,0.37728,0.31592,0.32487,22105742.03,7181492.414
6/6/21 4:00,DOGE/USD,0.37296,0.37954,0.36695,0.37604,6308566.693,2372273.419
6/5/21 4:00,DOGE/USD,0.38004,0.39555,0.36,0.37296,24620329.54,9182398.104
6/4/21 4:00,DOGE/USD,0.39838,0.39838,0.35008,0.38004,17845855.38,6782138.88
6/3/21 4:00,DOGE/USD,0.42514,0.42514,0.36989,0.39838,21233835.42,8459135.353
6/2/21 4:00,DOGE/USD,0.37847,0.44562,0.366,0.42514,56944054.03,24209195.13
6/1/21 4:00,DOGE/USD,0.32772,0.384,0.31069,0.37847,46194795.66,17483344.31
5/31/21 4:00,DOGE/USD,0.29765,0.34556,0.29408,0.32772,10488810.61,3437393.013
5/30/21 4:00,DOGE/USD,0.29777,0.31058,0.29511,0.29765,4755110.336,1415358.591
5/29/21 4:00,DOGE/USD,0.317,0.31775,0.28082,0.29777,21471144.15,6393462.594
5/28/21 4:00,DOGE/USD,0.33857,0.34766,0.30115,0.317,26827488.77,8504313.939
5/27/21 4:00,DOGE/USD,0.33408,0.34084,0.32633,0.33857,5493120.448,1859805.79
5/26/21 4:00,DOGE/USD,0.35499,0.36672,0.3273,0.33408,14014528.34,4681973.627
5/25/21 4:00,DOGE/USD,0.3448,0.3729,0.3231,0.35499,20295684.7,7204765.112
5/24/21 4:00,DOGE/USD,0.30635,0.38072,0.29635,0.3448,47345857.72,16324851.74
5/23/21 4:00,DOGE/USD,0.34564,0.34751,0.24865,0.30635,56429647.19,17287222.42
5/22/21 4:00,DOGE/USD,0.33984,0.36255,0.31751,0.34564,18527555.13,6403864.154
5/21/21 4:00,DOGE/USD,0.399,0.399,0.315,0.33984,17558124.58,5966953.058
5/20/21 4:00,DOGE/USD,0.34236,0.4367,0.34088,0.399,89911191.24,35874565.3
5/19/21 4:00,DOGE/USD,0.43243,0.44191,0.25633,0.34236,80852362.29,27680614.75
5/18/21 4:00,DOGE/USD,0.49257,0.51499,0.4164,0.43243,40624330.48,17567179.23
5/17/21 4:00,DOGE/USD,0.47298,0.51577,0.4579,0.49257,20570742.62,10132530.69
5/16/21 4:00,DOGE/USD,0.53434,0.54132,0.45001,0.47298,43276763.85,20469043.77
5/15/21 4:00,DOGE/USD,0.52426,0.549,0.49201,0.53434,38363236.66,20499011.88
5/14/21 4:00,DOGE/USD,0.4979,0.593,0.49343,0.52426,97430528.72,51078928.98
5/13/21 4:00,DOGE/USD,0.44114,0.54279,0.375,0.4979,53845786.17,26809816.94
5/12/21 4:00,DOGE/USD,0.49196,0.52165,0.35,0.44114,64625294.6,28508802.46
5/11/21 4:00,DOGE/USD,0.47198,0.54761,0.4615,0.49196,35640889.26,17533891.88
5/10/21 4:00,DOGE/USD,0.52996,0.55769,0.41745,0.47198,73433570.52,34659176.61
5/9/21 4:00,DOGE/USD,0.52,0.6,0.41194,0.52996,174045810.2,92237317.59
5/8/21 4:00,DOGE/USD,0.71256,0.74153,0.49,0.52,138987211.2,72273349.8
5/7/21 4:00,DOGE/USD,0.57455,0.75,0.56578,0.71256,72979544.69,52002304.36
5/6/21 4:00,DOGE/USD,0.63462,0.63846,0.52,0.57455,42982373.49,24695522.69
5/5/21 4:00,DOGE/USD,0,0.68317,0,0.63462,93560829.43,59375573.57