date,symbol,close,Volume DOGE,Volume USD,daily_return
2023-02-01 00:00:00,DOGE/USD,0.09401,5416361.27,509192.123,
2023-01-31 00:00:00,DOGE/USD,0.0962,11324559.05,1089422.581,0.02329539410700976
2023-01-30 00:00:00,DOGE/USD,0.08833,4751922.344,419737.3006,-0.08180873180873172
2023-01-29 00:00:00,DOGE/USD,0.09022,2774244.428,250292.3323,0.021397033850333758
2023-01-28 00:00:00,DOGE/USD,0.0879,3154125.37,277247.62,-0.02571491908667689
2023-01-27 00:00:00,DOGE/USD,0.08728,2600976.081,227013.1923,-0.0070534698521047545
2023-01-26 00:00:00,DOGE/USD,0.0863,2117950.041,182779.0886,-0.011228230980751541
2023-01-25 00:00:00,DOGE/USD,0.08661,2325289.054,201393.285,0.0035921205098494724
2023-01-24 00:00:00,DOGE/USD,0.08373,4816577.242,403292.0125,-0.03325251125736062
2023-01-23 00:00:00,DOGE/USD,0.08856,3117088.427,276049.3511,0.057685417413113615
2023-01-22 00:00:00,DOGE/USD,0.08847,6627183.398,586306.9152,-0.001016260162601701
2023-01-21 00:00:00,DOGE/USD,0.08465,7230903.608,612095.9904,-0.043178478580309654
2023-01-20 00:00:00,DOGE/USD,0.08642,3213552.292,277715.1891,0.02090962787950379
2023-01-19 00:00:00,DOGE/USD,0.08164,1684047.588,137485.6451,-0.05531127053922691
2023-01-18 00:00:00,DOGE/USD,0.08005,6276474.036,502431.7466,-0.01947574718275369
2023-01-17 00:00:00,DOGE/USD,0.08276,2680526.228,221840.3507,0.03385384134915692
2023-01-16 00:00:00,DOGE/USD,0.08366,2683294.312,224484.4021,0.010874818753020765
2023-01-15 00:00:00,DOGE/USD,0.08624,2185111.534,188444.0187,0.030839110686110338
2023-01-14 00:00:00,DOGE/USD,0.08736,7049633.412,615855.9748,0.01298701298701288
2023-01-13 00:00:00,DOGE/USD,0.08459,4054605.209,342979.0546,-0.031707875457875345
2023-01-12 00:00:00,DOGE/USD,0.08036,5332888.951,428550.9561,-0.05000591086416828
2023-01-11 00:00:00,DOGE/USD,0.07821,1373791.977,107444.2706,-0.026754604280736727
2023-01-10 00:00:00,DOGE/USD,0.07783,1938088.635,150841.4385,-0.004858713719473329
2023-01-09 00:00:00,DOGE/USD,0.07573,5327518.456,403452.9727,-0.02698188359244491
2023-01-08 00:00:00,DOGE/USD,0.07354,2885013.959,212163.9266,-0.028918526343589268
2023-01-07 00:00:00,DOGE/USD,0.07215,1405782.107,101427.179,-0.01890127821593679
2023-01-06 00:00:00,DOGE/USD,0.0724,1591503.997,115224.8894,0.0034650034650034467
2023-01-05 00:00:00,DOGE/USD,0.0714,2188360.675,156248.9522,-0.013812154696132617
2023-01-04 04:00:00,DOGE/USD,0.074,2838221.854,210028.4172,0.0364145658263304
2023-01-04 00:00:00,DOGE/USD,0.07329,2926843.447,214508.3562,-0.009594594594594663
2023-01-03 04:00:00,DOGE/USD,0.07262,2676997.383,194403.5499,-0.0091417655887569
2023-01-03 00:00:00,DOGE/USD,0.07053,3951694.301,278712.9991,-0.028779950426879752
2023-01-02 04:00:00,DOGE/USD,0.07162,4102858.847,293846.7506,0.015454416560328976
2023-01-02 00:00:00,DOGE/USD,0.07139,2797927.622,199744.053,-0.0032113934655125798
2023-01-01 04:00:00,DOGE/USD,0.07003,1253998.453,87817.51163,-0.01905028715506374
2023-01-01 00:00:00,DOGE/USD,0.07005,1011567.094,70860.27494,0.00028559188919041745
2022-12-31 04:00:00,DOGE/USD,0.06973,1699541.458,118509.0259,-0.004568165596002816
2022-12-31 00:00:00,DOGE/USD,0.07015,2005219.473,140666.146,0.006023232468091333
2022-12-30 04:00:00,DOGE/USD,0.06825,4287964.753,292653.5944,-0.02708481824661435
2022-12-30 00:00:00,DOGE/USD,0.0683,4177857.26,285347.6508,0.00073260073260073
2022-12-29 04:00:00,DOGE/USD,0.07044,7939363.791,559248.7855,0.03133235724743777
2022-12-29 00:00:00,DOGE/USD,0.07101,7812337.066,554754.055,0.008091993185689983
2022-12-28 04:00:00,DOGE/USD,0.07059,3932610.731,277602.9915,-0.0059146599070554196
2022-12-28 00:00:00,DOGE/USD,0.07035,4765827.179,335275.942,-0.003399915002124998
2022-12-27 04:00:00,DOGE/USD,0.07174,2376454.098,170486.817,0.01975835110163482
2022-12-27 00:00:00,DOGE/USD,0.07369,1565316.106,115348.1438,0.027181488709227875
2022-12-26 04:00:00,DOGE/USD,0.0751,1495496.298,112311.772,0.01913421088343048
2022-12-26 00:00:00,DOGE/USD,0.07585,1581234.998,119936.6746,0.00998668442077233
2022-12-25 04:00:00,DOGE/USD,0.07632,1430867.986,109203.8447,0.006196440342781884
2022-12-25 00:00:00,DOGE/USD,0.07601,1253719.104,95295.18912,-0.004061844863731734
2022-12-24 04:00:00,DOGE/USD,0.0771,899631.4239,69361.58278,0.014340218392316917
2022-12-24 00:00:00,DOGE/USD,0.07753,919779.0463,71310.46946,0.005577172503242522
2022-12-23 04:00:00,DOGE/USD,0.07744,2132987.333,165178.5391,-0.001160840964787857
2022-12-23 00:00:00,DOGE/USD,0.07723,2393035.115,184814.102,-0.002711776859504189
2022-12-22 04:00:00,DOGE/USD,0.07791,937891.6731,73071.14025,0.008804868574388225
2022-12-22 00:00:00,DOGE/USD,0.07691,2390140.242,183825.686,-0.01283532280836841
2022-12-21 04:00:00,DOGE/USD,0.07375,1535613.563,113251.5003,-0.041086984787414016
2022-12-21 00:00:00,DOGE/USD,0.07378,1432728.314,105706.695,0.00040677966101698715
2022-12-20 04:00:00,DOGE/USD,0.07311,2846372.663,208098.3054,-0.009081051775548965
2022-12-20 00:00:00,DOGE/USD,0.07494,3339789.579,250283.831,0.025030775543701367
2022-12-19 04:00:00,DOGE/USD,0.07397,4202939.971,310891.4696,-0.012943688283960642
2022-12-19 00:00:00,DOGE/USD,0.07137,3778490.427,269670.8618,-0.035149384885764356
2022-12-18 04:00:00,DOGE/USD,0.07735,2101281.937,162534.1578,0.08378870673952643
2022-12-18 00:00:00,DOGE/USD,0.07858,2051962.539,161243.2163,0.015901745313509963
2022-12-17 04:00:00,DOGE/USD,0.07916,1742670.886,137949.8273,0.0073810129804021685
2022-12-17 00:00:00,DOGE/USD,0.0795,5886977.561,468014.7161,0.004295098534613517
2022-12-16 04:00:00,DOGE/USD,0.07705,13404440.0,1032812.102,-0.030817610062893186
2022-12-16 00:00:00,DOGE/USD,0.07579,9329143.386,707055.7772,-0.016353017521090196
2022-12-15 04:00:00,DOGE/USD,0.08664,1510342.593,130856.0823,0.14315872806438845
2022-12-15 00:00:00,DOGE/USD,0.08484,3010395.111,255401.9212,-0.020775623268697974
2022-12-14 04:00:00,DOGE/USD,0.08755,4176288.117,365634.0247,0.031942479962282055
2022-12-14 00:00:00,DOGE/USD,0.08837,4098013.813,362141.4807,0.009366076527698386
2022-12-13 04:00:00,DOGE/USD,0.09169,7860768.348,720753.8498,0.037569310852098914
2022-12-13 00:00:00,DOGE/USD,0.09101,8174805.46,743989.0449,-0.007416294034245818
2022-12-12 04:00:00,DOGE/USD,0.08965,5182839.0,464641.5164,-0.014943412811778911
2022-12-12 00:00:00,DOGE/USD,0.09023,8399681.029,757903.2193,0.00646960401561647
2022-12-11 04:00:00,DOGE/USD,0.0875,5909117.08,517047.7445,-0.030256012412723132
2022-12-11 00:00:00,DOGE/USD,0.09265,3518421.267,325981.7304,0.05885714285714294
2022-12-10 04:00:00,DOGE/USD,0.09678,2553253.394,247103.8635,0.044576362655153856
2022-12-10 00:00:00,DOGE/USD,0.09639,1064897.405,102645.4609,-0.004029758214507129
2022-12-09 04:00:00,DOGE/USD,0.0966,2501644.744,241658.8822,0.002178649237472685
2022-12-09 00:00:00,DOGE/USD,0.09664,2672121.536,258233.8253,0.00041407867494824835
2022-12-08 04:00:00,DOGE/USD,0.09797,2331170.547,228384.7785,0.0137624172185431
2022-12-08 00:00:00,DOGE/USD,0.09854,4151253.906,409064.5599,0.005818107583954291
2022-12-07 04:00:00,DOGE/USD,0.09654,2647508.32,255590.4532,-0.020296326364927952
2022-12-07 00:00:00,DOGE/USD,0.09572,6126390.577,586418.106,-0.008493888543608885
2022-12-06 04:00:00,DOGE/USD,0.09973,4703734.655,469103.4572,0.04189302131216044
2022-12-06 00:00:00,DOGE/USD,0.10039,4816715.112,483550.0301,0.006617868244259473
2022-12-05 04:00:00,DOGE/USD,0.10214,12758591.53,1303162.539,0.017432015140950385
2022-12-05 00:00:00,DOGE/USD,0.10141,12811414.84,1299205.579,-0.007147053064421316
2022-12-04 04:00:00,DOGE/USD,0.10399,7127863.345,741226.5093,0.025441277980475352
2022-12-04 00:00:00,DOGE/USD,0.10409,7698495.824,801336.4303,0.0009616309260505052
2022-12-03 04:00:00,DOGE/USD,0.10143,8472358.458,859351.3183,-0.025554808338937418
2022-12-03 00:00:00,DOGE/USD,0.09969,7971307.434,794659.6381,-0.01715468796214148
2022-12-02 04:00:00,DOGE/USD,0.10109,8452863.527,854499.974,0.014043534958370962
2022-12-02 00:00:00,DOGE/USD,0.10212,9013848.429,920494.2015,0.010188940548026437
2022-12-01 04:00:00,DOGE/USD,0.09851,2178600.92,214613.9767,-0.03535056795926361
2022-12-01 00:00:00,DOGE/USD,0.10163,6021560.393,611971.1827,0.03167191148106796
2022-11-30 04:00:00,DOGE/USD,0.10455,7675680.977,802492.4462,0.02873167371839025
2022-11-30 00:00:00,DOGE/USD,0.10653,9733751.448,1036936.542,0.018938307030128998
2022-11-29 04:00:00,DOGE/USD,0.10591,9873602.823,1045713.275,-0.005819956819675176
2022-11-29 00:00:00,DOGE/USD,0.10148,9425824.961,956532.7171,-0.04182796714191295
2022-11-28 04:00:00,DOGE/USD,0.1009,8545349.183,862225.7326,-0.005715411903823409
2022-11-28 00:00:00,DOGE/USD,0.09517,8354943.485,795139.9715,-0.056788899900891976
2022-11-27 04:00:00,DOGE/USD,0.09496,15730833.18,1493799.919,-0.002206577703057655
2022-11-27 00:00:00,DOGE/USD,0.0984,13258909.07,1304676.653,0.036225779275484316
2022-11-26 04:00:00,DOGE/USD,0.08943,4662534.775,416970.4849,-0.09115853658536588
2022-11-26 00:00:00,DOGE/USD,0.08872,7413511.679,657726.7562,-0.00793917030079394
2022-11-25 04:00:00,DOGE/USD,0.0924,10425768.06,963340.9692,0.041478809738503264
2022-11-25 00:00:00,DOGE/USD,0.08926,7697682.849,687095.1711,-0.03398268398268389
2022-11-24 04:00:00,DOGE/USD,0.082,1255860.416,102980.5541,-0.08133542460228549
2022-11-24 00:00:00,DOGE/USD,0.08133,3789494.091,308199.5544,-0.00817073170731708
2022-11-23 04:00:00,DOGE/USD,0.08285,5595728.111,463606.074,0.01868929054469448
2022-11-23 00:00:00,DOGE/USD,0.08197,3163162.975,259284.4691,-0.010621605310802584
2022-11-22 04:00:00,DOGE/USD,0.08169,4542682.445,371091.7289,-0.003415883859948843
2022-11-22 00:00:00,DOGE/USD,0.07854,4844931.863,380520.9485,-0.03856041131105403
2022-11-21 04:00:00,DOGE/USD,0.07584,3635253.077,275697.5934,-0.03437738731856377
2022-11-21 00:00:00,DOGE/USD,0.07453,3354420.985,250004.996,-0.017273206751054926
2022-11-20 04:00:00,DOGE/USD,0.07526,3975166.749,299171.0495,0.009794713538172406
2022-11-20 00:00:00,DOGE/USD,0.07689,3700152.141,284504.6981,0.02165825139516353
2022-11-19 04:00:00,DOGE/USD,0.0848,1089017.12,92348.65178,0.10287423592144629
2022-11-19 00:00:00,DOGE/USD,0.08434,953407.3402,80410.37507,-0.005424528301886777
2022-11-18 04:00:00,DOGE/USD,0.08417,1440450.115,121242.6862,-0.0020156509366848763
2022-11-18 00:00:00,DOGE/USD,0.08455,4427712.013,374363.0507,0.004514672686230403
2022-11-17 04:00:00,DOGE/USD,0.08571,39093996.09,3350746.405,0.013719692489650992
2022-11-17 00:00:00,DOGE/USD,0.08445,38358774.42,3239398.5,-0.014700735036751844
2022-11-16 04:00:00,DOGE/USD,0.08494,4091288.748,347514.0663,0.00580224985198341
2022-11-16 00:00:00,DOGE/USD,0.08508,8017823.125,682156.3915,0.0016482222745468622
2022-11-15 04:00:00,DOGE/USD,0.08787,5032642.82,442218.3246,0.03279266572637529
2022-11-15 00:00:00,DOGE/USD,0.08688,6822175.539,592710.6108,-0.011266643905769924
2022-11-14 04:00:00,DOGE/USD,0.08663,9823474.976,851007.6372,-0.0028775322283609572
2022-11-14 00:00:00,DOGE/USD,0.08551,9869353.53,843928.4204,-0.0129285466928315
2022-11-13 04:00:00,DOGE/USD,0.08197,9938555.278,814663.3762,-0.041398666822593855
2022-11-13 00:00:00,DOGE/USD,0.08484,9319930.479,790702.9018,0.035012809564474834
2022-11-12 04:00:00,DOGE/USD,0.09065,15030919.29,1362552.834,0.0684818481848184
2022-11-12 00:00:00,DOGE/USD,0.08742,13690227.86,1196799.719,-0.03563154991726414
2022-11-11 04:00:00,DOGE/USD,0.08211,9617544.416,789696.572,-0.060741249142072684
2022-11-11 00:00:00,DOGE/USD,0.0849,12178459.0,1033951.169,0.03397880891487026
2022-11-10 04:00:00,DOGE/USD,0.084,23976301.44,2014009.321,-0.010600706713780883
2022-11-10 00:00:00,DOGE/USD,0.08961,25831762.22,2314784.212,0.06678571428571423
2022-11-09 04:00:00,DOGE/USD,0.07961,22789473.04,1814269.949,-0.11159468809284678
2022-11-09 00:00:00,DOGE/USD,0.07425,45688841.93,3392396.513,-0.06732822509734959
2022-11-08 04:00:00,DOGE/USD,0.08478,80237890.77,6802568.38,0.14181818181818184
2022-11-08 00:00:00,DOGE/USD,0.08818,78213033.21,6896825.268,0.04010379806558162
2022-11-07 04:00:00,DOGE/USD,0.10238,18382704.18,1882021.254,0.16103424812882738
2022-11-07 00:00:00,DOGE/USD,0.10945,14722533.33,1611381.273,0.06905645633912871
2022-11-06 04:00:00,DOGE/USD,0.11813,13617834.92,1608674.839,0.07930561900411148
2022-11-06 00:00:00,DOGE/USD,0.11478,13545144.53,1554711.69,-0.02835858799627533
2022-11-05 04:00:00,DOGE/USD,0.12503,18158011.39,2270296.164,0.08930127199860616
2022-11-05 00:00:00,DOGE/USD,0.1245,18623695.46,2318650.084,-0.0042389826441654455
2022-11-04 04:00:00,DOGE/USD,0.12491,37114284.18,4635945.237,0.0032931726907630132
2022-11-04 00:00:00,DOGE/USD,0.12601,46018877.89,5798838.803,0.008806340565207016
2022-11-03 04:00:00,DOGE/USD,0.11942,51522985.12,6152874.883,-0.052297436711372214
2022-11-03 00:00:00,DOGE/USD,0.12263,48969651.97,6005148.421,0.026879919611455305
2022-11-02 04:00:00,DOGE/USD,0.13394,23809864.54,3189093.256,0.0922286553045748
2022-11-02 00:00:00,DOGE/USD,0.12781,78151040.26,9988484.456,-0.045766761236374465
2022-11-01 04:00:00,DOGE/USD,0.14149,74326047.82,10516392.51,0.10703387841326961
2022-11-01 00:00:00,DOGE/USD,0.14221,67336043.78,9575858.786,0.005088698847975026
2022-10-31 04:00:00,DOGE/USD,0.12791,61066398.52,7811003.035,-0.1005555164896984
2022-10-31 00:00:00,DOGE/USD,0.12681,81159620.37,10291851.46,-0.008599796732077114
2022-10-30 04:00:00,DOGE/USD,0.12208,139892632.2,17078092.54,-0.03729989748442564
2022-10-30 00:00:00,DOGE/USD,0.11766,139599914.5,16425325.93,-0.036205766710353804
2022-10-29 04:00:00,DOGE/USD,0.12824,168899832.7,21659714.55,0.08992010878803325
2022-10-29 00:00:00,DOGE/USD,0.12194,150653775.5,18370721.39,-0.04912663755458502
2022-10-28 04:00:00,DOGE/USD,0.08632,65459568.7,5650469.97,-0.2921108742004265
2022-10-28 00:00:00,DOGE/USD,0.08385,65905684.52,5526191.647,-0.028614457831325324
2022-10-27 04:00:00,DOGE/USD,0.07406,58762548.38,4351954.333,-0.1167561121049493
2022-10-27 00:00:00,DOGE/USD,0.07685,57418971.86,4412647.987,0.03767215770996479
2022-10-26 04:00:00,DOGE/USD,0.07628,3542946.432,270255.9538,-0.007417046193884169
2022-10-26 00:00:00,DOGE/USD,0.07283,32564017.21,2371637.374,-0.04522810697430513
2022-10-25 04:00:00,DOGE/USD,0.06584,16113406.33,1060906.673,-0.09597693258272699
2022-10-25 00:00:00,DOGE/USD,0.06298,12994382.72,818386.2235,-0.04343863912515189
2022-10-24 04:00:00,DOGE/USD,0.06055,4129218.399,250024.174,-0.038583677357891366
2022-10-24 00:00:00,DOGE/USD,0.05949,4150302.139,246901.4743,-0.01750619322873659
2022-10-23 04:00:00,DOGE/USD,0.05973,3235268.845,193242.6081,0.004034291477559293
2022-10-23 00:00:00,DOGE/USD,0.06039,2667069.449,161064.324,0.011049723756906049
2022-10-22 04:00:00,DOGE/USD,0.05958,2078243.273,123821.7342,-0.01341281669150518
2022-10-22 00:00:00,DOGE/USD,0.05967,2266672.867,135252.37,0.0015105740181269312
2022-10-21 04:00:00,DOGE/USD,0.05945,3655195.214,217301.3555,-0.0036869448634153645
2022-10-21 00:00:00,DOGE/USD,0.05933,3768056.012,223558.7632,-0.0020185029436501356
2022-10-20 04:00:00,DOGE/USD,0.05891,2343016.446,138027.0988,-0.007079049384796976
2022-10-20 00:00:00,DOGE/USD,0.05944,2577064.811,153180.7324,0.008996774741130587
2022-10-19 04:00:00,DOGE/USD,0.05926,2307477.994,136741.1459,-0.00302826379542398
2022-10-19 00:00:00,DOGE/USD,0.05864,3510822.909,205874.6554,-0.010462369220384793
2022-10-18 04:00:00,DOGE/USD,0.05991,3800075.616,227662.5301,0.021657571623465266
2022-10-18 00:00:00,DOGE/USD,0.05972,3481208.004,207897.742,-0.0031714238023701213
2022-10-17 04:00:00,DOGE/USD,0.05999,1915260.857,114896.4988,0.004521098459477457
2022-10-17 00:00:00,DOGE/USD,0.05992,1736270.5,104037.3284,-0.001166861143523934
2022-10-16 04:00:00,DOGE/USD,0.05879,2202598.287,129490.7533,-0.018858477970627452
2022-10-16 00:00:00,DOGE/USD,0.05886,2366156.373,139271.9641,0.0011906786868514097
2022-10-15 04:00:00,DOGE/USD,0.05889,3519248.023,207248.5161,0.0005096839959224386
2022-10-15 00:00:00,DOGE/USD,0.05855,3528176.479,206574.7328,-0.005773475972151498
2022-10-14 04:00:00,DOGE/USD,0.05903,3692187.666,217949.8379,0.00819812126387709
2022-10-14 00:00:00,DOGE/USD,0.05867,4292367.416,251833.1963,-0.006098593935287111
2022-10-13 04:00:00,DOGE/USD,0.06049,9964282.894,602739.4722,0.031020964717913824
2022-10-13 00:00:00,DOGE/USD,0.05958,9201250.658,548210.5142,-0.015043808894032118
2022-10-12 04:00:00,DOGE/USD,0.05891,687319.45,40489.9888,-0.011245384357166932
2022-10-12 00:00:00,DOGE/USD,0.05979,1713213.464,102433.033,0.014938041079613162
2022-10-11 04:00:00,DOGE/USD,0.0606,2286465.237,138559.7933,0.013547415955845521
2022-10-11 00:00:00,DOGE/USD,0.06022,4534195.789,273049.2704,-0.006270627062706202
2022-10-10 04:00:00,DOGE/USD,0.05902,7489015.211,442001.6778,-0.01992693457323147
2022-10-10 00:00:00,DOGE/USD,0.0595,4893845.848,291183.828,0.008132836326668835
2022-10-09 04:00:00,DOGE/USD,0.06223,1725019.982,107347.9934,0.045882352941176485
2022-10-09 00:00:00,DOGE/USD,0.06214,1645573.829,102255.9577,-0.0014462477904547688
2022-10-08 04:00:00,DOGE/USD,0.06145,1861616.767,114396.3503,-0.01110395880270365
2022-10-08 00:00:00,DOGE/USD,0.06165,2732996.792,168489.2522,0.0032546786004883366
2022-10-07 04:00:00,DOGE/USD,0.06248,8904563.499,556357.1274,0.013463098134630869
2022-10-07 00:00:00,DOGE/USD,0.06246,9766342.492,610005.752,-0.0003201024327784685
2022-10-06 04:00:00,DOGE/USD,0.06344,3948405.95,250486.8735,0.015690041626641005
2022-10-06 00:00:00,DOGE/USD,0.0634,7016542.767,444848.8115,-0.0006305170239596647
2022-10-05 04:00:00,DOGE/USD,0.06605,10377746.21,685450.1374,0.04179810725552047
2022-10-05 00:00:00,DOGE/USD,0.06473,12560066.22,813013.0863,-0.01998485995457988
2022-10-04 04:00:00,DOGE/USD,0.06499,20512049.47,1333078.095,0.00401668469025207
2022-10-04 00:00:00,DOGE/USD,0.06587,17130048.38,1128356.287,0.01354054469918431
2022-10-03 04:00:00,DOGE/USD,0.06026,2431560.91,146525.8604,-0.08516775466828597
2022-10-03 00:00:00,DOGE/USD,0.06044,3205246.667,193725.1086,0.002987056090275386
2022-10-02 04:00:00,DOGE/USD,0.05947,2695845.486,160321.931,-0.016048974189278642
2022-10-02 00:00:00,DOGE/USD,0.05933,2964682.874,175894.6349,-0.0023541281318312235
2022-10-01 04:00:00,DOGE/USD,0.06073,4004313.458,243181.9563,0.023596831282656217
2022-10-01 00:00:00,DOGE/USD,0.06055,6296189.109,381234.2506,-0.002963938745265904
2022-09-30 04:00:00,DOGE/USD,0.06165,17539213.88,1081292.535,0.018166804293971994
2022-09-30 00:00:00,DOGE/USD,0.06158,14686618.25,904401.9519,-0.001135442011354404
2022-09-29 04:00:00,DOGE/USD,0.06037,2877660.45,173724.3613,-0.019649236765183598
2022-09-29 00:00:00,DOGE/USD,0.06088,3036428.498,184857.767,0.008447904588371635
2022-09-28 04:00:00,DOGE/USD,0.06081,1214417.376,73848.72065,-0.001149802890932916
2022-09-28 00:00:00,DOGE/USD,0.06058,4002299.769,242459.32,-0.003782272652524288
2022-09-27 04:00:00,DOGE/USD,0.05937,5973468.877,354644.8472,-0.019973588643116602
2022-09-27 00:00:00,DOGE/USD,0.06053,6787977.231,410876.2618,0.019538487451574937
2022-09-26 04:00:00,DOGE/USD,0.06257,11188322.82,700053.359,0.03370229638195932
2022-09-26 00:00:00,DOGE/USD,0.06117,9720723.232,594616.6401,-0.022374940067124816
2022-09-25 04:00:00,DOGE/USD,0.06123,7348644.211,449957.4851,0.0009808729769493763
2022-09-25 00:00:00,DOGE/USD,0.06118,7800563.928,477238.5011,-0.0008165931732810883
2022-09-24 04:00:00,DOGE/USD,0.06337,15495263.56,981934.852,0.03579601176855185
2022-09-24 00:00:00,DOGE/USD,0.06322,27523425.75,1740030.976,-0.002367050654883962
2022-09-23 04:00:00,DOGE/USD,0.06589,28080610.91,1850231.453,0.04223347042075298
2022-09-23 00:00:00,DOGE/USD,0.06335,16497098.37,1045091.182,-0.0385490969798149
2022-09-22 04:00:00,DOGE/USD,0.06146,3510596.012,215761.2309,-0.029834254143646488
2022-09-22 00:00:00,DOGE/USD,0.05962,2208992.402,131700.127,-0.02993817116823949
2022-09-21 04:00:00,DOGE/USD,0.05743,5502235.394,315993.3787,-0.03673264005367327
2022-09-21 00:00:00,DOGE/USD,0.0574,8302372.705,476556.1933,-0.0005223750652969539
2022-09-20 04:00:00,DOGE/USD,0.05921,3409132.095,201854.7114,0.031533101045296164
2022-09-20 00:00:00,DOGE/USD,0.05838,2738813.573,159891.9364,-0.014017902381354475
2022-09-19 04:00:00,DOGE/USD,0.0586,3618984.434,212072.4878,0.0037684138403561995
2022-09-19 00:00:00,DOGE/USD,0.05858,4830430.655,282966.6277,-0.0003412969283276279
2022-09-18 04:00:00,DOGE/USD,0.05686,11044620.86,627997.1423,-0.029361556845339698
2022-09-18 00:00:00,DOGE/USD,0.05751,9934814.233,571351.1665,0.011431586352444567
2022-09-17 04:00:00,DOGE/USD,0.06135,2435106.397,149393.7775,0.06677099634846129
2022-09-17 00:00:00,DOGE/USD,0.06218,2655044.162,165090.646,0.013528932355338252
2022-09-16 04:00:00,DOGE/USD,0.06059,2322926.172,140746.0967,-0.025570923126407186
2022-09-16 00:00:00,DOGE/USD,0.06042,2336521.885,141172.6523,-0.0028057435220333327
2022-09-15 04:00:00,DOGE/USD,0.05951,3429353.578,204080.8314,-0.015061238000662058
2022-09-15 00:00:00,DOGE/USD,0.05859,3673767.964,215246.065,-0.015459586624096744
2022-09-14 04:00:00,DOGE/USD,0.0602,1797677.373,108220.1778,0.027479091995220806
2022-09-14 00:00:00,DOGE/USD,0.06113,3395046.941,207539.2195,0.015448504983388789
2022-09-13 04:00:00,DOGE/USD,0.06054,7307305.556,442384.2784,-0.009651562244397227
2022-09-13 00:00:00,DOGE/USD,0.05964,7195082.709,429114.7328,-0.014866204162537144
2022-09-12 04:00:00,DOGE/USD,0.06357,2370398.33,150686.2219,0.06589537223340036
2022-09-12 00:00:00,DOGE/USD,0.06386,2535024.973,161886.6947,0.004561900267421759
2022-09-11 04:00:00,DOGE/USD,0.06296,4701675.414,296017.484,-0.01409332915753203
2022-09-11 00:00:00,DOGE/USD,0.06384,4924675.095,314391.2581,0.013977128335451061
2022-09-10 04:00:00,DOGE/USD,0.06427,6905789.728,443835.1058,0.006735588972430984
2022-09-10 00:00:00,DOGE/USD,0.06482,6522798.465,422807.7965,0.008557647424926262
2022-09-09 04:00:00,DOGE/USD,0.06377,7706551.194,491446.7697,-0.016198704103671857
2022-09-09 00:00:00,DOGE/USD,0.06392,8171499.715,522322.2618,0.00235220323035934
2022-09-08 04:00:00,DOGE/USD,0.06224,4293568.022,267231.6737,-0.026282853566958808
2022-09-08 00:00:00,DOGE/USD,0.0609,4101413.999,249776.1125,-0.021529562982005035
2022-09-07 04:00:00,DOGE/USD,0.06093,1555641.523,94785.23799,0.0004926108374383453
2022-09-07 00:00:00,DOGE/USD,0.06099,3076533.879,187637.8013,0.000984736582964052
2022-09-06 04:00:00,DOGE/USD,0.05842,8801726.861,514196.8832,-0.04213805541892113
2022-09-06 00:00:00,DOGE/USD,0.05884,10133664.1,596264.7958,0.007189318726463556
2022-09-05 04:00:00,DOGE/USD,0.06333,5477209.697,346871.6901,0.07630863358259687
2022-09-05 00:00:00,DOGE/USD,0.06271,4061287.402,254683.333,-0.00978998894678662
2022-09-04 04:00:00,DOGE/USD,0.06316,3119717.326,197041.3463,0.007175889012916548
2022-09-04 00:00:00,DOGE/USD,0.06325,2541523.399,160751.355,0.0014249525015834763
2022-09-03 04:00:00,DOGE/USD,0.06264,3277946.672,205330.5795,-0.00964426877470359
2022-09-03 00:00:00,DOGE/USD,0.06272,3758090.828,235707.4567,0.0012771392081736277
2022-09-02 04:00:00,DOGE/USD,0.06135,2623834.074,160972.2204,-0.021843112244897878
2022-09-02 00:00:00,DOGE/USD,0.06167,3092147.091,190692.7111,0.005215973920130512
2022-09-01 04:00:00,DOGE/USD,0.06258,4739427.847,296593.3947,0.014755959137343844
2022-09-01 00:00:00,DOGE/USD,0.06243,4274598.783,266863.2021,-0.0023969319271331946
2022-08-31 04:00:00,DOGE/USD,0.06067,1046935.402,63517.57084,-0.028191574563511068
2022-08-31 00:00:00,DOGE/USD,0.06128,3439488.191,210771.8364,0.01005439261579033
2022-08-30 04:00:00,DOGE/USD,0.06318,3521530.446,222490.2936,0.031005221932114857
2022-08-30 00:00:00,DOGE/USD,0.06133,3147988.026,193066.1056,-0.02928141817030705
2022-08-29 04:00:00,DOGE/USD,0.06355,3885898.462,246948.8472,0.03619761943583888
2022-08-29 00:00:00,DOGE/USD,0.06389,5221522.314,333603.0606,0.005350118017309224
2022-08-28 04:00:00,DOGE/USD,0.06195,7678423.844,475678.3572,-0.030364689309751225
2022-08-28 00:00:00,DOGE/USD,0.06179,6774840.782,418617.4119,-0.002582728006456869
2022-08-27 04:00:00,DOGE/USD,0.06327,6292262.735,398111.4632,0.023952095808383422
2022-08-27 00:00:00,DOGE/USD,0.06364,6312262.504,401712.3857,0.005847953216374213
2022-08-26 04:00:00,DOGE/USD,0.06387,10263534.01,655531.9174,0.0036140791954744067
2022-08-26 00:00:00,DOGE/USD,0.06351,9950178.022,631935.8062,-0.005636449037106583
2022-08-25 04:00:00,DOGE/USD,0.06911,5211127.456,360141.0185,0.0881750905369234
2022-08-25 00:00:00,DOGE/USD,0.06911,5614081.626,387989.1811,0.0
2022-08-24 04:00:00,DOGE/USD,0.06826,2481007.126,169353.5464,-0.012299233106641605
2022-08-24 00:00:00,DOGE/USD,0.06789,4862849.475,330138.8509,-0.005420451215939037
2022-08-23 04:00:00,DOGE/USD,0.06725,3530676.605,237438.0017,-0.009427014287818558
2022-08-23 00:00:00,DOGE/USD,0.06884,3260002.111,224418.5453,0.023643122676579864
2022-08-22 04:00:00,DOGE/USD,0.06852,19966057.28,1368074.245,-0.004648460197559601
2022-08-22 00:00:00,DOGE/USD,0.06842,19648500.88,1344350.43,-0.0014594279042615677
2022-08-21 04:00:00,DOGE/USD,0.06828,4335362.829,296018.574,-0.0020461853259281515
2022-08-21 00:00:00,DOGE/USD,0.06977,4754240.831,331703.3827,0.021821909783245497
2022-08-20 04:00:00,DOGE/USD,0.06843,11223192.06,768003.0327,-0.019205962448043512
2022-08-20 00:00:00,DOGE/USD,0.06937,14814173.99,1027659.25,0.013736665205319243
2022-08-19 04:00:00,DOGE/USD,0.06959,29022597.93,2019682.59,0.0031713997405218297
2022-08-19 00:00:00,DOGE/USD,0.06789,28726017.39,1950209.321,-0.02442879724098279
2022-08-18 04:00:00,DOGE/USD,0.07394,13996822.16,1034925.03,0.0891147444395346
2022-08-18 00:00:00,DOGE/USD,0.07473,10536769.63,787412.7943,0.010684338652961811
2022-08-17 04:00:00,DOGE/USD,0.08084,15221753.51,1230526.554,0.08176100628930794
2022-08-17 00:00:00,DOGE/USD,0.08001,17481516.97,1398696.173,-0.010267194458189022
2022-08-16 04:00:00,DOGE/USD,0.085,26935682.02,2289532.972,0.062367204099487594
2022-08-16 00:00:00,DOGE/USD,0.08674,27080288.75,2348944.246,0.02047058823529402
2022-08-15 04:00:00,DOGE/USD,0.07943,21778781.66,1729888.627,-0.08427484436246246
2022-08-15 00:00:00,DOGE/USD,0.0767,24832884.38,1904682.232,-0.03436988543371522
2022-08-14 04:00:00,DOGE/USD,0.08039,24237176.77,1948426.64,0.048109517601043095
2022-08-14 00:00:00,DOGE/USD,0.08171,18568566.31,1517237.554,0.01641995273043917
2022-08-13 04:00:00,DOGE/USD,0.07431,2328288.079,173015.0871,-0.09056419042956798
2022-08-13 00:00:00,DOGE/USD,0.07291,4939938.195,360170.8938,-0.018839994617144362
2022-08-12 04:00:00,DOGE/USD,0.07305,5027816.996,367282.0315,0.0019201755589082214
2022-08-12 00:00:00,DOGE/USD,0.0724,5573270.584,403504.7903,-0.008898015058179332
2022-08-11 04:00:00,DOGE/USD,0.07142,2307180.564,164778.8359,-0.013535911602210016
2022-08-11 00:00:00,DOGE/USD,0.07085,6422039.311,455001.4852,-0.007980957714925796
2022-08-10 04:00:00,DOGE/USD,0.07192,5289349.447,380410.0122,0.01510232886379681
2022-08-10 00:00:00,DOGE/USD,0.07125,5468613.406,389638.7051,-0.009315906562847642
2022-08-09 04:00:00,DOGE/USD,0.06791,8849997.944,601003.3603,-0.04687719298245607
2022-08-09 00:00:00,DOGE/USD,0.06905,8202862.409,566407.6493,0.01678692386982772
2022-08-08 04:00:00,DOGE/USD,0.0707,6860371.985,485028.2993,0.02389572773352633
2022-08-08 00:00:00,DOGE/USD,0.07009,7408507.428,519262.2856,-0.008628005657708604
2022-08-07 04:00:00,DOGE/USD,0.06989,5752613.054,402050.1264,-0.0028534741047225864
2022-08-07 00:00:00,DOGE/USD,0.06894,5108940.105,352210.3309,-0.013592788667906586
2022-08-06 04:00:00,DOGE/USD,0.06839,1878693.691,128483.8615,-0.00797795184218153
2022-08-06 00:00:00,DOGE/USD,0.06863,2989900.409,205196.8651,0.0035092849831845907
2022-08-05 04:00:00,DOGE/USD,0.07,11182266.72,782758.6704,0.019962115692845783
2022-08-05 00:00:00,DOGE/USD,0.06982,10315861.9,720253.4782,-0.00257142857142878
2022-08-04 04:00:00,DOGE/USD,0.06847,3302635.196,226131.4319,-0.019335433973073468
2022-08-04 00:00:00,DOGE/USD,0.0674,2816130.985,189807.2284,-0.01562728202132324
2022-08-03 04:00:00,DOGE/USD,0.06702,1099146.061,73664.76899,-0.00563798219584577
2022-08-03 00:00:00,DOGE/USD,0.06629,2560840.395,169758.1098,-0.010892270963891337
2022-08-02 04:00:00,DOGE/USD,0.06649,3308877.567,220007.2694,0.003017046311660776
2022-08-02 00:00:00,DOGE/USD,0.06652,4543044.007,302203.2873,0.00045119566852158677
2022-08-01 04:00:00,DOGE/USD,0.06597,6353226.703,419122.3656,-0.008268190018039578
2022-08-01 00:00:00,DOGE/USD,0.06848,5506867.233,377110.2681,0.03804759739275432
2022-07-31 04:00:00,DOGE/USD,0.07007,3652027.678,255897.5794,0.023218457943925186
2022-07-31 00:00:00,DOGE/USD,0.06813,3139490.612,213893.4954,-0.027686599115170463
2022-07-30 04:00:00,DOGE/USD,0.0704,7405799.834,521368.3083,0.03331865551152213
2022-07-30 00:00:00,DOGE/USD,0.0696,9001914.785,626533.269,-0.011363636363636465
2022-07-29 04:00:00,DOGE/USD,0.06891,9010290.311,620899.1053,-0.009913793103448199
2022-07-29 00:00:00,DOGE/USD,0.069,9250623.018,638292.9883,0.0013060513713540889
2022-07-28 04:00:00,DOGE/USD,0.0716,5973083.793,427672.7996,0.03768115942028971
2022-07-28 00:00:00,DOGE/USD,0.06908,8055272.982,556458.2576,-0.03519553072625692
2022-07-27 04:00:00,DOGE/USD,0.06674,5260081.79,351057.8587,-0.033873769542559495
2022-07-27 00:00:00,DOGE/USD,0.0672,4773642.057,320788.7462,0.006892418339826234
2022-07-26 04:00:00,DOGE/USD,0.06184,1813572.416,112151.3182,-0.0797619047619047
2022-07-26 00:00:00,DOGE/USD,0.06265,2509529.138,157222.0005,0.01309831824062102
2022-07-25 04:00:00,DOGE/USD,0.06168,6181211.042,381257.0971,-0.015482841181165163
2022-07-25 00:00:00,DOGE/USD,0.06175,6634162.303,409659.5222,0.0011348897535667923
2022-07-24 04:00:00,DOGE/USD,0.06461,2632176.12,170064.8991,0.04631578947368431
2022-07-24 00:00:00,DOGE/USD,0.06762,1639570.732,110867.7729,0.04658721560130008
2022-07-23 04:00:00,DOGE/USD,0.06778,2580103.067,174879.3859,0.002366163856847292
2022-07-23 00:00:00,DOGE/USD,0.06807,2491417.811,169590.8104,0.004278548244319946
2022-07-22 04:00:00,DOGE/USD,0.06819,3210657.58,218934.7404,0.0017628911414719894
2022-07-22 00:00:00,DOGE/USD,0.06758,3570899.724,241321.4034,-0.008945593195483159
2022-07-21 04:00:00,DOGE/USD,0.06951,4718702.746,327997.0279,0.02855874519088486
2022-07-21 00:00:00,DOGE/USD,0.06999,5785532.442,404929.4156,0.006905481225722765
2022-07-20 04:00:00,DOGE/USD,0.06831,12717116.49,868706.2272,-0.02400342906129449
2022-07-20 00:00:00,DOGE/USD,0.0701,12662882.83,887668.086,0.026204069682330466
2022-07-19 04:00:00,DOGE/USD,0.06965,8214467.905,572137.6896,-0.0064194008559199656
2022-07-19 00:00:00,DOGE/USD,0.06907,8726428.444,602734.4127,-0.008327351040918862
2022-07-18 04:00:00,DOGE/USD,0.06629,10448677.76,692642.8484,-0.0402490227305633
2022-07-18 00:00:00,DOGE/USD,0.06758,8923423.822,603044.9819,0.019459948710212727
2022-07-17 04:00:00,DOGE/USD,0.06472,3480282.536,225243.8857,-0.042320213080793145
2022-07-17 00:00:00,DOGE/USD,0.06293,3281862.113,206527.5828,-0.027657601977750357
2022-07-16 04:00:00,DOGE/USD,0.06436,2269568.532,146069.4307,0.022723661210869217
2022-07-16 00:00:00,DOGE/USD,0.06441,2055884.706,132419.5339,0.0007768800497203188
2022-07-15 04:00:00,DOGE/USD,0.06258,5513189.81,345015.4183,-0.028411737307871388
2022-07-15 00:00:00,DOGE/USD,0.06291,5928116.403,372937.8029,0.00527325023969305
2022-07-14 04:00:00,DOGE/USD,0.06252,4196197.444,262346.2642,-0.006199332379589695
2022-07-14 00:00:00,DOGE/USD,0.06235,3802389.765,237079.0018,-0.0027191298784389195
2022-07-13 04:00:00,DOGE/USD,0.06138,817620.4689,50185.54438,-0.015557337610264677
2022-07-13 00:00:00,DOGE/USD,0.06199,6384239.922,395759.0328,0.009938090583252013
2022-07-12 04:00:00,DOGE/USD,0.06034,8129689.093,490545.4399,-0.026617196321987557
2022-07-12 00:00:00,DOGE/USD,0.05969,9015850.902,538156.1403,-0.010772290354656877
2022-07-11 04:00:00,DOGE/USD,0.06199,5431092.722,336673.4378,0.038532417490366955
2022-07-11 00:00:00,DOGE/USD,0.06169,4370117.179,269592.5288,-0.004839490240361344
2022-07-10 04:00:00,DOGE/USD,0.06593,12682020.51,836125.6125,0.06873075052682776
2022-07-10 00:00:00,DOGE/USD,0.0672,12702176.19,853586.2399,0.019262854542696717
2022-07-09 04:00:00,DOGE/USD,0.06801,2330045.631,158466.4034,0.012053571428571441
2022-07-09 00:00:00,DOGE/USD,0.06947,2157087.756,149852.8864,0.02146743126010886
2022-07-08 04:00:00,DOGE/USD,0.06929,6045053.252,418861.7398,-0.002591046494889837
2022-07-08 00:00:00,DOGE/USD,0.06885,6922148.717,476589.9392,-0.006350122672824532
2022-07-07 04:00:00,DOGE/USD,0.07193,6272623.754,451189.8266,0.044734931009440704
2022-07-07 00:00:00,DOGE/USD,0.07061,5630627.042,397578.5754,-0.018351174753232113
2022-07-06 04:00:00,DOGE/USD,0.06866,1863101.975,127920.5816,-0.02761648491715063
2022-07-06 00:00:00,DOGE/USD,0.06839,3272763.137,223824.271,-0.00393242062336141
2022-07-05 04:00:00,DOGE/USD,0.06698,6320123.029,423321.8405,-0.02061704927621011
2022-07-05 00:00:00,DOGE/USD,0.06712,6636749.056,445458.5966,0.002090176171991587
2022-07-04 04:00:00,DOGE/USD,0.06941,4525665.374,314126.4336,0.034117997616209816
2022-07-04 00:00:00,DOGE/USD,0.06924,4137835.474,286503.7282,-0.002449214810546052
2022-07-03 04:00:00,DOGE/USD,0.06651,3657850.78,243283.6554,-0.039428076256499134
2022-07-03 00:00:00,DOGE/USD,0.06727,3387378.77,227868.9699,0.011426853104796297
2022-07-02 04:00:00,DOGE/USD,0.06629,3901732.127,258645.8227,-0.014568158168574374
2022-07-02 00:00:00,DOGE/USD,0.06657,4745324.308,315896.2392,0.004223864836325308
2022-07-01 04:00:00,DOGE/USD,0.06642,6560845.252,435771.3416,-0.0022532672374943052
2022-07-01 00:00:00,DOGE/USD,0.06633,7180665.768,476293.5604,-0.0013550135501355642
2022-06-30 12:00:00,DOGE/USD,0.06471,12887140.26,833926.8465,-0.024423337856173677
2022-06-30 04:00:00,DOGE/USD,0.06599,13112477.95,865292.42,0.019780559418945964
2022-06-29 12:00:00,DOGE/USD,0.06298,6510644.871,410040.414,-0.0456129716623731
2022-06-29 04:00:00,DOGE/USD,0.0684,2961781.325,202585.8426,0.0860590663702765
2022-06-28 12:00:00,DOGE/USD,0.06607,5649961.267,373292.9409,-0.03406432748538013
2022-06-28 04:00:00,DOGE/USD,0.06663,6198393.188,412998.9381,0.008475858937490477
2022-06-27 12:00:00,DOGE/USD,0.07153,8500206.03,608019.7373,0.0735404472459853
2022-06-27 04:00:00,DOGE/USD,0.07018,10229158.87,717882.3693,-0.018873200055920414
2022-06-26 12:00:00,DOGE/USD,0.07637,26386566.25,2015142.064,0.08820176688515224
2022-06-26 04:00:00,DOGE/USD,0.07504,26777395.33,2009375.745,-0.01741521539871671
2022-06-25 12:00:00,DOGE/USD,0.07324,7445961.386,545342.2119,-0.023987206823027685
2022-06-25 04:00:00,DOGE/USD,0.06791,5026759.313,341367.2249,-0.07277444019661394
2022-06-24 12:00:00,DOGE/USD,0.06755,8323348.469,562242.1891,-0.005301133853629847
2022-06-24 04:00:00,DOGE/USD,0.06768,9485724.338,641993.8232,0.0019245003700962826
2022-06-23 12:00:00,DOGE/USD,0.06614,7565797.539,500401.8492,-0.02275413711583929
2022-06-23 04:00:00,DOGE/USD,0.06521,5925529.826,386403.7999,-0.014061082552162096
2022-06-22 12:00:00,DOGE/USD,0.06377,6108146.8,389516.5214,-0.02208250268363765
2022-06-22 04:00:00,DOGE/USD,0.0627,4576392.336,286939.7995,-0.016779049709894744
2022-06-21 12:00:00,DOGE/USD,0.063,15806814.38,995829.3059,0.004784688995215225
2022-06-21 04:00:00,DOGE/USD,0.06271,531880.9763,33354.25603,-0.004603174603174609
2022-06-20 12:00:00,DOGE/USD,0.06343,11041388.29,700355.259,0.01148142242066652
2022-06-20 04:00:00,DOGE/USD,0.06031,6383243.516,384973.4165,-0.04918808134951913
2022-06-19 12:00:00,DOGE/USD,0.06068,17645445.76,1070725.649,0.006134969325153339
2022-06-19 04:00:00,DOGE/USD,0.05838,34457942.46,2011654.681,-0.03790375741595253
2022-06-18 12:00:00,DOGE/USD,0.05739,35288063.03,2025181.937,-0.016957862281603342
2022-06-18 04:00:00,DOGE/USD,0.05188,24472374.65,1269626.797,-0.09600975779752563
2022-06-17 12:00:00,DOGE/USD,0.05411,13661286.14,739212.193,0.042983808789514244
2022-06-17 04:00:00,DOGE/USD,0.0564,7078631.65,399234.8251,0.04232119756052488
2022-06-16 12:00:00,DOGE/USD,0.05733,18026341.13,1033450.137,0.01648936170212756
2022-06-16 04:00:00,DOGE/USD,0.05577,19941125.06,1112116.545,-0.027210884353741527
2022-06-15 12:00:00,DOGE/USD,0.05594,27073219.41,1514475.894,0.0030482338174644408
2022-06-15 04:00:00,DOGE/USD,0.06019,21201107.81,1276094.679,0.07597425813371483
2022-06-14 12:00:00,DOGE/USD,0.05323,14330643.86,762820.1727,-0.1156338262169796
2022-06-14 04:00:00,DOGE/USD,0.05353,13947372.11,746602.8289,0.005635919594213723
2022-06-13 12:00:00,DOGE/USD,0.05551,36550293.13,2028906.772,0.036988604520829416
2022-06-13 04:00:00,DOGE/USD,0.0553,58941462.07,3259462.853,-0.003783102143757766
2022-06-12 12:00:00,DOGE/USD,0.05407,60996338.53,3298072.024,-0.022242314647378025
2022-06-12 04:00:00,DOGE/USD,0.0598,35171235.3,2103239.871,0.1059737377473644
2022-06-11 12:00:00,DOGE/USD,0.06593,14312325.27,943611.605,0.10250836120401341
2022-06-11 04:00:00,DOGE/USD,0.06602,14442972.08,953525.0166,0.0013650841801911007
2022-06-10 12:00:00,DOGE/USD,0.07233,6232261.224,450779.4543,0.09557709784913682
2022-06-10 04:00:00,DOGE/USD,0.0758,4439880.77,336542.9624,0.04797456103967934
2022-06-09 12:00:00,DOGE/USD,0.0789,1962123.014,154811.5058,0.04089709762532978
2022-06-09 04:00:00,DOGE/USD,0.07936,2112984.928,167686.4839,0.0058301647655261135
2022-06-08 12:00:00,DOGE/USD,0.07981,2275038.918,181570.8561,0.005670362903225978
2022-06-08 04:00:00,DOGE/USD,0.07986,1376937.454,109962.2251,0.0006264879087833908
2022-06-07 12:00:00,DOGE/USD,0.08002,4443549.443,355572.8265,0.0020035061357375206
2022-06-07 04:00:00,DOGE/USD,0.07948,4672994.942,371409.638,-0.006748312921769584
2022-06-06 12:00:00,DOGE/USD,0.07949,5055147.231,401833.6534,0.00012581781580278673
2022-06-06 04:00:00,DOGE/USD,0.07929,5288049.875,419289.4746,-0.0025160397534281786
2022-06-05 12:00:00,DOGE/USD,0.08332,3182845.847,265194.716,0.05082608147307366
2022-06-05 04:00:00,DOGE/USD,0.08303,2239586.834,185952.8948,-0.0034805568891022043
2022-06-04 12:00:00,DOGE/USD,0.08161,1294715.636,105661.7431,-0.017102252198000767
2022-06-04 04:00:00,DOGE/USD,0.0809,2155619.417,174389.6108,-0.008699914226197758
2022-06-03 12:00:00,DOGE/USD,0.08119,5935352.548,481891.2734,0.003584672435104963
2022-06-03 04:00:00,DOGE/USD,0.07977,3602187.541,287346.5001,-0.017489838650080136
2022-06-02 12:00:00,DOGE/USD,0.08064,6465756.795,521398.6279,0.010906355772847043
2022-06-02 04:00:00,DOGE/USD,0.08259,5847613.627,482954.4094,0.02418154761904745
2022-06-01 12:00:00,DOGE/USD,0.08207,8379550.682,687709.7244,-0.006296161762925245
2022-06-01 04:00:00,DOGE/USD,0.0806,8666241.604,698499.0733,-0.017911538930181492
2022-05-31 12:00:00,DOGE/USD,0.0867,7140094.396,619046.1841,0.07568238213399492
2022-05-31 04:00:00,DOGE/USD,0.08557,8871667.177,759148.5604,-0.013033448673587134
2022-05-30 12:00:00,DOGE/USD,0.08621,19030481.22,1640617.786,0.00747925674886063
2022-05-30 04:00:00,DOGE/USD,0.08751,21945717.44,1920469.733,0.015079457139543173
2022-05-29 12:00:00,DOGE/USD,0.08525,10089428.27,860123.7599,-0.02582561992915089
2022-05-29 04:00:00,DOGE/USD,0.08442,5085399.703,429309.443,-0.00973607038123181
2022-05-28 12:00:00,DOGE/USD,0.0822,3631589.1,298516.624,-0.026297085998578495
2022-05-28 04:00:00,DOGE/USD,0.0807,4227367.519,341148.5587,-0.018248175182481785
2022-05-27 12:00:00,DOGE/USD,0.08113,14955939.12,1213375.341,0.005328376703841453
2022-05-27 04:00:00,DOGE/USD,0.08195,15691364.73,1285907.339,0.010107235301368256
2022-05-26 12:00:00,DOGE/USD,0.07767,12900563.03,1001986.73,-0.05222696766320922
2022-05-26 04:00:00,DOGE/USD,0.07844,3533767.361,277188.7118,0.009913737607827988
2022-05-25 12:00:00,DOGE/USD,0.0779,4787198.836,372922.7893,-0.0068842427332993505
2022-05-25 04:00:00,DOGE/USD,0.08288,295420.266,24484.43164,0.06392811296534018
2022-05-24 12:00:00,DOGE/USD,0.0822,6839751.422,562227.5669,-0.00820463320463316
2022-05-24 04:00:00,DOGE/USD,0.0839,8752229.869,734312.086,0.020681265206812682
2022-05-23 12:00:00,DOGE/USD,0.08336,8755087.062,729824.0574,-0.006436233611442188
2022-05-23 04:00:00,DOGE/USD,0.08412,7598128.953,639154.6075,0.009117082533589116
2022-05-22 12:00:00,DOGE/USD,0.08752,3739951.652,327320.5686,0.040418449833571124
2022-05-22 04:00:00,DOGE/USD,0.08542,4813880.364,411201.6607,-0.023994515539305317
2022-05-21 12:00:00,DOGE/USD,0.08519,4674360.768,398208.7938,-0.0026925778506203812
2022-05-21 04:00:00,DOGE/USD,0.08442,2555880.195,215767.406,-0.009038619556286043
2022-05-20 12:00:00,DOGE/USD,0.08385,3215378.79,269609.5116,-0.006751954513148584
2022-05-20 04:00:00,DOGE/USD,0.08419,3747799.763,315527.2621,0.004054859868813487
2022-05-19 12:00:00,DOGE/USD,0.08721,4340737.841,378555.7471,0.03587124361563121
2022-05-19 04:00:00,DOGE/USD,0.08649,4733722.027,409419.6181,-0.008255933952528327
2022-05-18 12:00:00,DOGE/USD,0.08516,10228703.8,871076.4155,-0.015377500289050716
2022-05-18 04:00:00,DOGE/USD,0.08436,10432770.08,880108.484,-0.009394081728510972
2022-05-17 12:00:00,DOGE/USD,0.08856,6666564.919,590390.9892,0.049786628733997196
2022-05-17 04:00:00,DOGE/USD,0.08861,7086749.789,627956.8988,0.0005645889792229575
2022-05-16 12:00:00,DOGE/USD,0.08921,7457130.651,665250.6254,0.006771244780498842
2022-05-16 04:00:00,DOGE/USD,0.08977,9889869.017,887813.5417,0.006277323170048366
2022-05-15 12:00:00,DOGE/USD,0.0877,14837528.07,1301251.212,-0.02305892837250756
2022-05-15 04:00:00,DOGE/USD,0.09012,12750586.12,1149082.822,0.027594070695553086
2022-05-14 12:00:00,DOGE/USD,0.08967,12467926.09,1117998.933,-0.004993342210386165
2022-05-14 04:00:00,DOGE/USD,0.08716,12617297.26,1099723.629,-0.027991524478643948
2022-05-13 12:00:00,DOGE/USD,0.08715,19309056.61,1682784.283,-0.00011473152822394361
2022-05-13 04:00:00,DOGE/USD,0.08972,24340039.62,2183788.354,0.029489386115892025
2022-05-12 12:00:00,DOGE/USD,0.09313,42194716.33,3929593.932,0.038007133303611385
2022-05-12 04:00:00,DOGE/USD,0.0931,57505857.62,5353795.344,-0.0003221303554171717
2022-05-11 12:00:00,DOGE/USD,0.07687,75488276.08,5802783.782,-0.17432867883995717
2022-05-11 04:00:00,DOGE/USD,0.07854,34800356.18,2733219.975,0.021724990243267905
2022-05-10 12:00:00,DOGE/USD,0.10101,22124091.88,2234754.521,0.286096256684492
2022-05-10 04:00:00,DOGE/USD,0.10927,21253784.25,2322401.005,0.08177408177408174
2022-05-09 12:00:00,DOGE/USD,0.11539,21276655.2,2455113.243,0.056008053445593564
2022-05-09 04:00:00,DOGE/USD,0.10894,20339267.36,2215759.786,-0.05589739145506556
2022-05-08 12:00:00,DOGE/USD,0.11754,6369305.008,748648.1106,0.07894253717642741
2022-05-08 04:00:00,DOGE/USD,0.12218,4631336.084,565856.6428,0.03947592309001191
2022-05-07 12:00:00,DOGE/USD,0.12609,6256194.353,788843.546,0.032001964314945175
2022-05-07 04:00:00,DOGE/USD,0.12638,6175582.009,780470.0543,0.0022999444840985372
2022-05-06 12:00:00,DOGE/USD,0.12796,5824537.189,745307.7786,0.012501978161101324
2022-05-06 04:00:00,DOGE/USD,0.12762,6577867.407,839467.4385,-0.0026570803376053664
2022-05-05 12:00:00,DOGE/USD,0.12641,11016166.34,1392553.587,-0.009481272527817053
2022-05-05 04:00:00,DOGE/USD,0.12817,10343220.52,1325690.575,0.013922949133771123
2022-05-04 12:00:00,DOGE/USD,0.13442,5920360.639,795814.8771,0.04876336116095814
2022-05-04 04:00:00,DOGE/USD,0.137,7606625.854,1042107.742,0.019193572385061808
2022-05-03 12:00:00,DOGE/USD,0.13268,7294525.264,967837.612,-0.03153284671532863
2022-05-03 04:00:00,DOGE/USD,0.12966,5669218.388,735070.8563,-0.022761531504371435
2022-05-02 12:00:00,DOGE/USD,0.13107,5262801.941,689795.4503,0.010874595094863437
2022-05-02 04:00:00,DOGE/USD,0.13123,5083047.417,667048.3125,0.0012207217517359314
2022-05-01 12:00:00,DOGE/USD,0.12994,4469505.221,580767.5084,-0.009830069343900072
2022-05-01 04:00:00,DOGE/USD,0.13226,6055151.749,800854.3703,0.017854394335847124
2022-04-30 12:00:00,DOGE/USD,0.13088,8547538.127,1118701.79,-0.010433993648873319
2022-04-30 04:00:00,DOGE/USD,0.13017,7027401.57,914756.8624,-0.005424816625916762
2022-04-29 12:00:00,DOGE/USD,0.13494,8426183.136,1137029.152,0.03664438810785886
2022-04-29 04:00:00,DOGE/USD,0.13579,10372425.22,1408471.621,0.006299095894471529
2022-04-28 12:00:00,DOGE/USD,0.13815,11366402.05,1570268.444,0.017379777597761326
2022-04-28 04:00:00,DOGE/USD,0.14151,11958258.01,1692213.091,0.024321389793702464
2022-04-27 12:00:00,DOGE/USD,0.14007,15894032.19,2226277.089,-0.010175959296162773
2022-04-27 04:00:00,DOGE/USD,0.13929,11450781.58,1594979.367,-0.005568644249303922
2022-04-26 12:00:00,DOGE/USD,0.13959,33563631.01,4685147.252,0.0021537798836959166
2022-04-26 04:00:00,DOGE/USD,0.13984,42790844.39,5983871.68,0.0017909592377678418
2022-04-25 12:00:00,DOGE/USD,0.15927,76517604.38,12186958.85,0.13894450800915337
2022-04-25 04:00:00,DOGE/USD,0.1535,73347967.65,11258913.03,-0.03622778928862935
2022-04-24 12:00:00,DOGE/USD,0.13936,16520456.83,2302290.864,-0.09211726384364816
2022-04-24 04:00:00,DOGE/USD,0.12864,5346549.646,687780.1465,-0.07692307692307698
2022-04-23 12:00:00,DOGE/USD,0.13276,1918250.84,254666.9816,0.032027363184079505
2022-04-23 04:00:00,DOGE/USD,0.13434,3265606.944,438701.6369,0.011901175052726698
2022-04-22 12:00:00,DOGE/USD,0.13537,5109151.489,691625.837,0.007667113294625549
2022-04-22 04:00:00,DOGE/USD,0.13488,4252106.226,573524.0878,-0.0036197089458520626
2022-04-21 12:00:00,DOGE/USD,0.13708,7372984.066,1010688.656,0.016310794780545645
2022-04-21 04:00:00,DOGE/USD,0.13664,8027082.277,1096820.522,-0.0032098044937262094
2022-04-20 12:00:00,DOGE/USD,0.14096,6753395.703,951958.6583,0.03161592505854793
2022-04-20 04:00:00,DOGE/USD,0.14092,1014109.579,142908.3218,-0.00028376844494903963
2022-04-19 12:00:00,DOGE/USD,0.14588,8431416.899,1229975.097,0.035197275049673626
2022-04-19 04:00:00,DOGE/USD,0.143,7358911.302,1052324.316,-0.019742253907321206
2022-04-18 12:00:00,DOGE/USD,0.13993,7748718.485,1084278.178,-0.02146853146853145
2022-04-18 04:00:00,DOGE/USD,0.13962,10386410.22,1450150.595,-0.0022153934109911955
2022-04-17 12:00:00,DOGE/USD,0.13509,9106162.663,1230151.514,-0.03244520842286214
2022-04-17 04:00:00,DOGE/USD,0.14003,5783965.24,809928.6526,0.03656821378340358
2022-04-16 12:00:00,DOGE/USD,0.14374,2793898.794,401595.0126,0.026494322645147506
2022-04-16 04:00:00,DOGE/USD,0.14294,3216602.216,459781.1207,-0.005565604563795734
2022-04-15 12:00:00,DOGE/USD,0.14411,7415613.399,1068664.047,0.008185252553518874
2022-04-15 04:00:00,DOGE/USD,0.1468,11166806.31,1639287.166,0.018666296579002317
2022-04-14 12:00:00,DOGE/USD,0.14778,16680058.83,2464979.094,0.006675749318800994
2022-04-14 04:00:00,DOGE/USD,0.14383,18257447.81,2625968.719,-0.026728921369603365
2022-04-13 12:00:00,DOGE/USD,0.14498,13503175.44,1957690.375,0.007995550302440257
2022-04-13 04:00:00,DOGE/USD,0.14105,2422621.397,341710.7481,-0.02710718719823413
2022-04-12 12:00:00,DOGE/USD,0.13793,12667363.79,1747209.488,-0.02211981566820287
2022-04-12 04:00:00,DOGE/USD,0.14055,12445195.69,1749172.254,0.018995142463568593
2022-04-11 12:00:00,DOGE/USD,0.14186,12281612.2,1742269.506,0.00932052650302384
2022-04-11 04:00:00,DOGE/USD,0.13595,19902662.15,2705766.919,-0.04166079233046682
2022-04-10 12:00:00,DOGE/USD,0.14066,29251238.65,4114479.229,0.03464509010665706
2022-04-10 04:00:00,DOGE/USD,0.14624,22253273.11,3254318.66,0.03967012654628177
2022-04-09 12:00:00,DOGE/USD,0.14952,8799640.238,1315722.208,0.02242888402625809
2022-04-09 04:00:00,DOGE/USD,0.14987,8054372.269,1207108.772,0.002340823970037542
2022-04-08 12:00:00,DOGE/USD,0.14294,7275886.336,1040015.193,-0.04624007473143388
2022-04-08 04:00:00,DOGE/USD,0.1423,10362027.33,1474516.489,-0.004477403106198374
2022-04-07 12:00:00,DOGE/USD,0.14485,11659675.45,1688903.989,0.017919887561489878
2022-04-07 04:00:00,DOGE/USD,0.15038,10404152.14,1564576.399,0.03817742492233345
2022-04-06 12:00:00,DOGE/USD,0.14703,22017899.46,3237291.757,-0.02227689852374004
2022-04-06 04:00:00,DOGE/USD,0.14276,15023373.61,2144736.817,-0.029041692171665634
2022-04-05 12:00:00,DOGE/USD,0.15323,49170322.47,7534368.513,0.07333987111235651
2022-04-05 04:00:00,DOGE/USD,0.1598,45187784.93,7221008.032,0.04287672126868092
2022-04-04 12:00:00,DOGE/USD,0.15203,39562290.38,6014655.006,-0.04862327909887354
2022-04-04 04:00:00,DOGE/USD,0.15044,53098328.05,7988112.472,-0.010458462145629177
2022-04-03 12:00:00,DOGE/USD,0.15489,33357269.32,5166707.444,0.029579898963041806
2022-04-03 04:00:00,DOGE/USD,0.14466,15428500.75,2231886.919,-0.06604687197365866
2022-04-02 12:00:00,DOGE/USD,0.14053,22410772.57,3149385.869,-0.028549702751278994
2022-04-02 04:00:00,DOGE/USD,0.13919,25871631.03,3601072.323,-0.009535330534405362
2022-04-01 12:00:00,DOGE/USD,0.14316,17722979.89,2537221.801,0.028522163948559554
2022-04-01 04:00:00,DOGE/USD,0.14287,14394141.68,2056491.022,-0.002025705504330899
2022-03-31 12:00:00,DOGE/USD,0.13656,15453894.19,2110383.791,-0.04416602505774492
2022-03-31 04:00:00,DOGE/USD,0.13494,15654134.59,2112368.921,-0.011862917398945405
2022-03-30 12:00:00,DOGE/USD,0.14555,8285695.395,1205982.965,0.07862753816511048
2022-03-30 04:00:00,DOGE/USD,0.1447,4185886.884,605697.8321,-0.0058399175541052895
2022-03-29 12:00:00,DOGE/USD,0.14376,10958355.78,1575373.228,-0.006496199032480998
2022-03-29 04:00:00,DOGE/USD,0.14249,12189632.7,1736900.764,-0.008834168057874181
2022-03-28 12:00:00,DOGE/USD,0.14766,17010301.06,2511741.054,0.03628324794722437
2022-03-28 04:00:00,DOGE/USD,0.14456,19464988.01,2813858.667,-0.02099417580929175
2022-03-27 12:00:00,DOGE/USD,0.14919,16635980.95,2481921.998,0.032028223574986026
2022-03-27 04:00:00,DOGE/USD,0.14894,13511135.13,2012348.467,-0.0016757155305315852
2022-03-26 12:00:00,DOGE/USD,0.13958,8490002.78,1185034.588,-0.06284409829461512
2022-03-26 04:00:00,DOGE/USD,0.14135,7085326.216,1001510.861,0.012680899842384186
2022-03-25 12:00:00,DOGE/USD,0.13304,7628807.409,1014936.538,-0.058790237000353796
2022-03-25 04:00:00,DOGE/USD,0.13132,9160448.691,1202950.122,-0.012928442573662102
2022-03-24 12:00:00,DOGE/USD,0.13579,13500128.87,1833182.499,0.03403898872982025
2022-03-24 04:00:00,DOGE/USD,0.13536,17971360.4,2432603.344,-0.0031666543928122737
2022-03-23 12:00:00,DOGE/USD,0.13811,31511584.98,4352065.001,0.020316193853427977
2022-03-23 04:00:00,DOGE/USD,0.13637,11965057.71,1631674.92,-0.012598653247411606
2022-03-22 12:00:00,DOGE/USD,0.12238,4654845.828,569660.0324,-0.10258854586785937
2022-03-22 04:00:00,DOGE/USD,0.12187,4585796.843,558871.0613,-0.004167347605817939
2022-03-21 12:00:00,DOGE/USD,0.12392,4648609.773,576055.7231,0.016821202921145417
2022-03-21 04:00:00,DOGE/USD,0.12174,1265529.166,154065.5207,-0.017591994835377656
2022-03-20 12:00:00,DOGE/USD,0.12074,3759188.482,453884.4173,-0.008214227041235422
2022-03-20 04:00:00,DOGE/USD,0.11944,3584339.792,428113.5447,-0.010766937220473727
2022-03-19 12:00:00,DOGE/USD,0.12044,5180779.51,623973.0842,0.008372404554588098
2022-03-19 04:00:00,DOGE/USD,0.12228,5637832.435,689394.1502,0.015277316506144167
2022-03-18 12:00:00,DOGE/USD,0.12178,8083171.464,984368.6209,-0.004088976120379506
2022-03-18 04:00:00,DOGE/USD,0.11878,7813395.853,928075.1594,-0.02463458696009202
2022-03-17 12:00:00,DOGE/USD,0.11479,4776214.385,548261.6492,-0.033591513722848965
2022-03-17 04:00:00,DOGE/USD,0.11501,5283316.61,607634.2433,0.0019165432528964743
2022-03-16 12:00:00,DOGE/USD,0.11687,4500943.431,526025.2587,0.016172506738544534
2022-03-16 04:00:00,DOGE/USD,0.11695,2831622.726,331158.2779,0.0006845212629416064
2022-03-15 12:00:00,DOGE/USD,0.11417,5043704.624,575839.7569,-0.023770842240273704
2022-03-15 04:00:00,DOGE/USD,0.11274,4623027.762,521200.1499,-0.012525181746518288
2022-03-14 12:00:00,DOGE/USD,0.11149,4340561.49,483929.2006,-0.011087457867660078
2022-03-14 04:00:00,DOGE/USD,0.11247,8410153.993,945890.0196,0.00879002601130141
2022-03-13 12:00:00,DOGE/USD,0.11487,7613211.625,874529.6193,0.02133902373966401
2022-03-13 04:00:00,DOGE/USD,0.11137,3150948.905,350921.1795,-0.030469226081657586
2022-03-12 12:00:00,DOGE/USD,0.11492,1395714.882,160395.5542,0.03187572955014817
2022-03-12 04:00:00,DOGE/USD,0.11588,1251021.878,144968.4152,0.008353637312913387
2022-03-11 12:00:00,DOGE/USD,0.11601,2496291.555,289594.7833,0.0011218501898515587
2022-03-11 04:00:00,DOGE/USD,0.11642,2912682.441,339094.4898,0.003534178088095752
2022-03-10 12:00:00,DOGE/USD,0.11772,3934424.561,463160.4593,0.01116646624291362
2022-03-10 04:00:00,DOGE/USD,0.11587,3977315.93,460851.5968,-0.015715256540944633
2022-03-09 12:00:00,DOGE/USD,0.11664,3846908.553,448703.4136,0.0066453784413567085
2022-03-09 04:00:00,DOGE/USD,0.11898,1079861.552,128481.9274,0.020061728395061706
2022-03-08 12:00:00,DOGE/USD,0.12302,4462629.689,548992.7043,0.03395528660279035
2022-03-08 04:00:00,DOGE/USD,0.12157,655507.0459,79689.99157,-0.011786701349374096
2022-03-07 12:00:00,DOGE/USD,0.1192,5706878.506,680259.9179,-0.01949494118614792
2022-03-07 04:00:00,DOGE/USD,0.11897,5104490.877,607281.2796,-0.0019295302013422333
2022-03-06 12:00:00,DOGE/USD,0.12003,3308132.885,397075.1901,0.008909809195595475
2022-03-06 04:00:00,DOGE/USD,0.11912,4061404.055,483794.451,-0.007581437973839811
2022-03-05 12:00:00,DOGE/USD,0.12233,2336208.205,285788.3497,0.0269476158495634
2022-03-05 04:00:00,DOGE/USD,0.12414,1557129.54,193302.0611,0.014796043488923383
2022-03-04 12:00:00,DOGE/USD,0.12391,5549038.937,687581.4147,-0.0018527468986627715
2022-03-04 04:00:00,DOGE/USD,0.1227,7662723.762,940216.2056,-0.009765152126543497
2022-03-03 12:00:00,DOGE/USD,0.12819,5707307.806,731619.7876,0.04474327628361863
2022-03-03 04:00:00,DOGE/USD,0.12602,3982072.613,501820.7907,-0.01692799750370544
2022-03-02 12:00:00,DOGE/USD,0.13205,14403039.46,1901921.361,0.04784954769084271
2022-03-02 04:00:00,DOGE/USD,0.13202,1496062.948,197510.2304,-0.00022718667171528484
2022-03-01 12:00:00,DOGE/USD,0.13482,84127769.4,11342105.87,0.021208907741251393
2022-03-01 04:00:00,DOGE/USD,0.13496,84886789.74,11456321.14,0.0010384215991692258
2022-02-28 12:00:00,DOGE/USD,0.13194,33796100.65,4459057.519,-0.022377000592768148
2022-02-28 04:00:00,DOGE/USD,0.13259,32079828.63,4253464.478,0.0049264817341216904
2022-02-27 12:00:00,DOGE/USD,0.12403,3078567.02,381834.6675,-0.06455992156271217
2022-02-27 04:00:00,DOGE/USD,0.12337,3034324.003,374344.5523,-0.005321293235507563
2022-02-26 12:00:00,DOGE/USD,0.12749,2397120.674,305608.9148,0.03339547702034529
2022-02-26 04:00:00,DOGE/USD,0.12502,2541989.421,317799.5174,-0.019374068554396384
2022-02-25 12:00:00,DOGE/USD,0.12664,17338318.37,2195724.638,0.012957926731723024
2022-02-25 04:00:00,DOGE/USD,0.12912,18015617.56,2326176.539,0.019583070120025248
2022-02-24 12:00:00,DOGE/USD,0.12406,24076474.57,2986927.435,-0.03918835192069403
2022-02-24 04:00:00,DOGE/USD,0.12361,1500006.853,185415.8471,-0.0036272771239723722
2022-02-23 12:00:00,DOGE/USD,0.11187,14564369.44,1629316.009,-0.09497613461694043
2022-02-23 04:00:00,DOGE/USD,0.11569,8731066.04,1010097.03,0.03414677750960937
2022-02-22 12:00:00,DOGE/USD,0.13394,4977808.211,666727.6317,0.15774915723052985
2022-02-22 04:00:00,DOGE/USD,0.13045,4981674.181,649859.3969,-0.026056443183514966
2022-02-21 12:00:00,DOGE/USD,0.12929,7701571.859,995736.2257,-0.00889229589881202
2022-02-21 04:00:00,DOGE/USD,0.1256,7863646.432,987673.9919,-0.028540490370484894
2022-02-20 12:00:00,DOGE/USD,0.13509,2756672.106,372398.8347,0.07555732484076438
2022-02-20 04:00:00,DOGE/USD,0.13914,3467413.827,482455.9598,0.02998001332445055
2022-02-19 12:00:00,DOGE/USD,0.13701,3773984.917,517073.6735,-0.01530832255282466
2022-02-19 04:00:00,DOGE/USD,0.1388,3126803.684,434000.3514,0.013064739800014769
2022-02-18 12:00:00,DOGE/USD,0.1409,6456471.198,909716.7919,0.015129682997118143
2022-02-18 04:00:00,DOGE/USD,0.14145,5751777.245,813588.8913,0.003903477643719011
2022-02-17 12:00:00,DOGE/USD,0.13999,4588617.365,642360.545,-0.01032166843407556
2022-02-17 04:00:00,DOGE/USD,0.14105,4365073.654,615693.639,0.007571969426387604
2022-02-16 12:00:00,DOGE/USD,0.14729,3691128.681,543666.3435,0.044239631336405516
2022-02-16 04:00:00,DOGE/USD,0.14799,2591781.965,383557.813,0.004752529024373731
2022-02-15 12:00:00,DOGE/USD,0.14963,3255362.998,487099.9654,0.011081829853368586
2022-02-15 04:00:00,DOGE/USD,0.15006,4897247.336,734880.9352,0.0028737552629818364
2022-02-14 12:00:00,DOGE/USD,0.15027,5919803.079,889568.8087,0.0013994402239103643
2022-02-14 04:00:00,DOGE/USD,0.14836,4465342.158,662478.1625,-0.012710454515205916
2022-02-13 12:00:00,DOGE/USD,0.14436,21860395.35,3155766.673,-0.026961445133459216
2022-02-13 04:00:00,DOGE/USD,0.14528,22903794.54,3327463.27,0.0063729564976449105
2022-02-12 12:00:00,DOGE/USD,0.15142,4622587.08,699952.1356,0.04226321585903081
2022-02-12 04:00:00,DOGE/USD,0.14455,4440485.818,641872.225,-0.0453704926693963
2022-02-11 12:00:00,DOGE/USD,0.14314,6681964.227,956456.3595,-0.009754410238671851
2022-02-11 04:00:00,DOGE/USD,0.14518,5874650.982,852881.8296,0.014251781472684133
2022-02-10 12:00:00,DOGE/USD,0.15248,10530670.45,1605716.631,0.050282408045185356
2022-02-10 04:00:00,DOGE/USD,0.15222,10885458.08,1656984.429,-0.0017051416579224599
2022-02-09 12:00:00,DOGE/USD,0.15936,8062798.914,1284887.635,0.046905794245171606
2022-02-09 04:00:00,DOGE/USD,0.15783,130539.4192,20603.03653,-0.009600903614457867
2022-02-08 12:00:00,DOGE/USD,0.15789,8321293.012,1313848.954,0.0003801558639042746
2022-02-08 04:00:00,DOGE/USD,0.15595,12521591.27,1952742.158,-0.012287035277725011
2022-02-07 12:00:00,DOGE/USD,0.15976,23243600.37,3713397.595,0.024430907342096964
2022-02-07 04:00:00,DOGE/USD,0.16525,18851730.52,3115248.468,0.034364046069103704
2022-02-06 12:00:00,DOGE/USD,0.15755,10251633.43,1615144.847,-0.0465960665658095
2022-02-06 04:00:00,DOGE/USD,0.1595,9124635.822,1455379.414,0.012377023167248646
2022-02-05 12:00:00,DOGE/USD,0.14711,3348283.697,492566.0146,-0.07768025078369911
2022-02-05 04:00:00,DOGE/USD,0.14809,7172245.222,1062137.795,0.006661681734756453
2022-02-04 12:00:00,DOGE/USD,0.14942,11040099.08,1649611.604,0.008981025052333003
2022-02-04 04:00:00,DOGE/USD,0.1479,8626475.524,1275855.73,-0.010172667648239764
2022-02-03 12:00:00,DOGE/USD,0.13946,6684998.557,932289.8987,-0.057065584854631535
2022-02-03 04:00:00,DOGE/USD,0.13822,7732038.884,1068722.415,-0.008891438405277396
2022-02-02 12:00:00,DOGE/USD,0.13608,11399737.71,1551276.308,-0.015482564028360568
2022-02-02 04:00:00,DOGE/USD,0.13774,5007759.389,689768.7783,0.012198706643151036
2022-02-01 12:00:00,DOGE/USD,0.14435,6234665.686,899973.9918,0.04798896471613179
2022-02-01 04:00:00,DOGE/USD,0.14298,8747483.286,1250715.16,-0.009490820921371768
2022-01-31 12:00:00,DOGE/USD,0.14256,12713617.62,1812453.328,-0.002937473772555599
2022-01-31 04:00:00,DOGE/USD,0.14369,9886463.211,1420585.899,0.007926487093153911
2022-01-30 12:00:00,DOGE/USD,0.1387,9593057.359,1330557.056,-0.03472753845083176
2022-01-30 04:00:00,DOGE/USD,0.13789,9755948.757,1345247.774,-0.005839942321557157
2022-01-29 12:00:00,DOGE/USD,0.14306,7587132.101,1085415.118,0.03749365436217267
2022-01-29 04:00:00,DOGE/USD,0.14181,6827221.645,968168.3015,-0.008737592618481727
2022-01-28 12:00:00,DOGE/USD,0.14284,5215209.255,744940.49,0.0072632395458711585
2022-01-28 04:00:00,DOGE/USD,0.14202,6058395.787,860413.3697,-0.005740688882665879
2022-01-27 12:00:00,DOGE/USD,0.13875,8742880.614,1213074.685,-0.023024926066751106
2022-01-27 04:00:00,DOGE/USD,0.14107,10808590.09,1524767.804,0.016720720720720728
2022-01-26 12:00:00,DOGE/USD,0.14246,16286426.56,2320164.327,0.009853264336854073
2022-01-26 04:00:00,DOGE/USD,0.14012,8622126.733,1208132.398,-0.016425663344096675
2022-01-25 12:00:00,DOGE/USD,0.15085,37549831.91,5664392.143,0.07657721952612051
2022-01-25 04:00:00,DOGE/USD,0.1459,29799542.17,4347753.202,-0.03281405369572432
2022-01-24 04:00:00,DOGE/USD,0.13659,45897625.68,6269156.692,-0.06381082933516113
2022-01-23 04:00:00,DOGE/USD,0.13936,21599313.28,3010080.298,0.020279669082656326
2022-01-22 04:00:00,DOGE/USD,0.13679,35177035.53,4811866.689,-0.018441446613088552
2022-01-21 04:00:00,DOGE/USD,0.14229,22092358.58,3143521.702,0.040207617515900296
2022-01-20 04:00:00,DOGE/USD,0.14982,15559178.39,2331076.107,0.05292009276829024
2022-01-19 04:00:00,DOGE/USD,0.16544,2893802.988,478750.7664,0.10425844346549185
2022-01-18 04:00:00,DOGE/USD,0.16628,16818219.46,2796533.532,0.005077369439071555
2022-01-17 04:00:00,DOGE/USD,0.16867,14602891.72,2463069.746,0.014373346163098155
2022-01-16 04:00:00,DOGE/USD,0.16965,14356599.49,2435597.104,0.005810161854508777
2022-01-15 04:00:00,DOGE/USD,0.18023,9895028.214,1783380.935,0.06236368994989694
2022-01-14 04:00:00,DOGE/USD,0.19067,80487595.87,15346569.91,0.05792598346557187
2022-01-13 04:00:00,DOGE/USD,0.17621,28310029.15,4988510.237,-0.07583783500288455
2022-01-12 04:00:00,DOGE/USD,0.16664,8422458.192,1403518.433,-0.05431019805913395
2022-01-11 04:00:00,DOGE/USD,0.15311,18085950.26,2769139.844,-0.0811929908785406
2022-01-10 04:00:00,DOGE/USD,0.14571,19231955.68,2802288.263,-0.04833126510352026
2022-01-09 04:00:00,DOGE/USD,0.15107,4422926.951,668171.5745,0.03678539564889172
2022-01-08 04:00:00,DOGE/USD,0.15154,14736744.05,2233206.193,0.003111140530879686
2022-01-07 04:00:00,DOGE/USD,0.15652,17782308.41,2783286.912,0.03286261053187256
2022-01-06 04:00:00,DOGE/USD,0.15304,9553163.51,1462016.144,-0.02223358037311518
2022-01-05 04:00:00,DOGE/USD,0.15489,14986113.47,2321199.115,0.01208834291688432
2022-01-04 04:00:00,DOGE/USD,0.16979,14889982.19,2528170.077,0.09619730131060744
2022-01-03 04:00:00,DOGE/USD,0.16986,3041303.108,516595.746,0.0004122739855116908
2022-01-02 04:00:00,DOGE/USD,0.17192,2567188.889,441351.1139,0.012127634522547837
2022-01-01 04:00:00,DOGE/USD,0.17271,3545594.455,612359.6184,0.004595160539786036
2021-12-31 04:00:00,DOGE/USD,0.17147,15086666.54,2586910.712,-0.00717966533495451
2021-12-30 04:00:00,DOGE/USD,0.17145,12334298.51,2114715.479,-0.00011663847903431446
2021-12-29 04:00:00,DOGE/USD,0.16903,14013615.08,2368721.357,-0.014114902303878574
2021-12-28 04:00:00,DOGE/USD,0.17678,13353939.57,2360709.437,0.04584984913920587
2021-12-27 04:00:00,DOGE/USD,0.18126,11708618.69,2122304.223,0.02534223328430829
2021-12-26 04:00:00,DOGE/USD,0.19079,5313867.011,1013832.687,0.052576409577402616
2021-12-25 04:00:00,DOGE/USD,0.18608,15500189.26,2884275.218,-0.024686828450128373
2021-12-24 04:00:00,DOGE/USD,0.18736,29306835.84,5490928.764,0.006878761822871837
2021-12-23 04:00:00,DOGE/USD,0.18303,26062069.65,4770140.607,-0.023110589239965895
2021-12-22 04:00:00,DOGE/USD,0.17454,5348328.585,933497.2712,-0.0463858383871496
2021-12-21 04:00:00,DOGE/USD,0.1723,9297171.432,1601902.638,-0.01283373438753288
2021-12-20 04:00:00,DOGE/USD,0.16994,14622656.87,2484974.309,-0.013697040046430686
2021-12-19 04:00:00,DOGE/USD,0.16992,6289200.796,1068660.999,-0.00011768859597516279
2021-12-18 04:00:00,DOGE/USD,0.17278,15833261.49,2735670.92,0.01683145009416198
2021-12-17 04:00:00,DOGE/USD,0.1697,21163679.85,3591476.47,-0.01782613728440796
2021-12-16 04:00:00,DOGE/USD,0.17441,1619210.78,282406.5521,0.02775486152033002
2021-12-15 04:00:00,DOGE/USD,0.18073,38742705.63,7001969.188,0.03623645433174705
2021-12-14 04:00:00,DOGE/USD,0.18382,241550886.1,44401883.88,0.017097327505118276
2021-12-13 04:00:00,DOGE/USD,0.15732,15753513.07,2478342.676,-0.14416276792514426
2021-12-12 04:00:00,DOGE/USD,0.1652,12194511.41,2014533.285,0.05008899059242333
2021-12-11 04:00:00,DOGE/USD,0.16814,7414310.126,1246642.105,0.017796610169491522
2021-12-10 04:00:00,DOGE/USD,0.16518,11889220.81,1963861.493,-0.01760437730462716
2021-12-09 04:00:00,DOGE/USD,0.17151,4320898.094,741077.232,0.03832183073011253
2021-12-08 04:00:00,DOGE/USD,0.17708,11398475.31,2018442.008,0.03247624045245168
2021-12-07 04:00:00,DOGE/USD,0.17691,27721567.41,4904222.491,-0.0009600180709282702
2021-12-06 04:00:00,DOGE/USD,0.17948,61870653.24,11104544.84,0.014527160703182274
2021-12-05 04:00:00,DOGE/USD,0.17147,24712245.14,4237408.675,-0.044628928014263325
2021-12-04 04:00:00,DOGE/USD,0.17902,114686632.5,20531200.95,0.044031025835423065
2021-12-03 04:00:00,DOGE/USD,0.19018,21911882.05,4167201.729,0.062339403418612216
2021-12-02 04:00:00,DOGE/USD,0.20737,4462660.663,925421.9417,0.09038805342307299
2021-12-01 04:00:00,DOGE/USD,0.20425,5400503.034,1103052.745,-0.015045570719004697
2021-11-30 04:00:00,DOGE/USD,0.21657,21214425.22,4594408.07,0.060318237454100476
2021-11-29 04:00:00,DOGE/USD,0.22149,31314492.75,6935847.0,0.022717827954010117
2021-11-28 04:00:00,DOGE/USD,0.20554,9064509.02,1863119.184,-0.07201228046412922
2021-11-27 04:00:00,DOGE/USD,0.1995,9886749.126,1972406.451,-0.029386007589763508
2021-11-26 04:00:00,DOGE/USD,0.2053,47968579.66,9847949.404,0.029072681704260583
2021-11-25 04:00:00,DOGE/USD,0.21879,11130053.07,2435144.312,0.0657087189478811
2021-11-24 04:00:00,DOGE/USD,0.21969,12063935.78,2650326.051,0.004113533525298196
2021-11-23 04:00:00,DOGE/USD,0.2232,14776961.13,3298217.723,0.015977058582548276
2021-11-22 04:00:00,DOGE/USD,0.22271,5883716.514,1310362.505,-0.0021953405017921535
2021-11-21 04:00:00,DOGE/USD,0.22245,4972561.069,1106146.21,-0.001167437474742905
2021-11-20 04:00:00,DOGE/USD,0.2289,5536729.229,1267357.32,0.028995279838165855
2021-11-19 04:00:00,DOGE/USD,0.2336,6723746.568,1570667.198,0.020532983835736207
2021-11-18 04:00:00,DOGE/USD,0.21863,10213493.13,2232976.003,-0.06408390410958908
2021-11-17 04:00:00,DOGE/USD,0.23756,4735523.409,1124970.941,0.08658464071719352
2021-11-16 04:00:00,DOGE/USD,0.23277,15757640.36,3667905.947,-0.02016332715945446
2021-11-15 04:00:00,DOGE/USD,0.24702,12442106.95,3073449.259,0.061219229282123866
2021-11-14 04:00:00,DOGE/USD,0.26226,9797303.62,2569440.847,0.06169540927860084
2021-11-13 04:00:00,DOGE/USD,0.26115,6514622.681,1701293.713,-0.004232441088995675
2021-11-12 04:00:00,DOGE/USD,0.25645,3922604.73,1005951.983,-0.017997319548152313
2021-11-11 04:00:00,DOGE/USD,0.26573,10767690.88,2861298.498,0.03618639110937805
2021-11-10 04:00:00,DOGE/USD,0.26177,26168266.4,6850067.097,-0.014902344485003605
2021-11-09 04:00:00,DOGE/USD,0.2705,10396762.81,2812324.341,0.03334988730565014
2021-11-08 04:00:00,DOGE/USD,0.28361,25240453.05,7158444.891,0.04846580406654333
2021-11-07 04:00:00,DOGE/USD,0.26959,8367796.421,2255874.237,-0.04943408201403332
2021-11-06 04:00:00,DOGE/USD,0.26255,15585727.02,4092032.629,-0.026113728254015367
2021-11-05 04:00:00,DOGE/USD,0.26371,21139071.57,5574584.563,0.004418206055989415
2021-11-04 04:00:00,DOGE/USD,0.26193,14307213.17,3747488.347,-0.006749838838117639
2021-11-03 04:00:00,DOGE/USD,0.26968,26217961.12,7070459.754,0.02958805787805896
2021-11-02 04:00:00,DOGE/USD,0.27165,33177624.32,9012701.647,0.007304954019578869
2021-11-01 04:00:00,DOGE/USD,0.2705,44749142.14,12104642.95,-0.004233388551444839
2021-10-31 04:00:00,DOGE/USD,0.26617,65635385.98,17470170.69,-0.01600739371534199
2021-10-30 04:00:00,DOGE/USD,0.26754,12616643.02,3375456.675,0.005147086448510363
2021-10-29 04:00:00,DOGE/USD,0.28492,60152622.27,17138685.14,0.06496224863571798
2021-10-28 04:00:00,DOGE/USD,0.2939,294315432.0,86499305.47,0.03151761898076644
2021-10-27 04:00:00,DOGE/USD,0.23582,3746771.6,883563.6788,-0.1976182374957468
2021-10-26 04:00:00,DOGE/USD,0.25901,27429017.05,7104389.706,0.09833771520651347
2021-10-25 04:00:00,DOGE/USD,0.26446,37030256.83,9793021.722,0.02104165862321894
2021-10-24 04:00:00,DOGE/USD,0.2684,82305974.27,22090923.49,0.014898283294260128
2021-10-23 04:00:00,DOGE/USD,0.25009,25472408.72,6370394.698,-0.06821907600596144
2021-10-22 04:00:00,DOGE/USD,0.24604,23356817.44,5746711.362,-0.016194170098764338
2021-10-21 04:00:00,DOGE/USD,0.24529,30210027.7,7410217.694,-0.0030482848317346933
2021-10-20 04:00:00,DOGE/USD,0.25259,33763816.17,8528402.328,0.02976069142647475
2021-10-19 04:00:00,DOGE/USD,0.24288,20627197.52,5009933.733,-0.03844174353695695
2021-10-18 04:00:00,DOGE/USD,0.25473,70703686.51,18010350.07,0.0487895256916997
2021-10-17 04:00:00,DOGE/USD,0.23787,20552548.22,4888834.645,-0.06618772818278185
2021-10-16 04:00:00,DOGE/USD,0.237,17221491.3,4081493.438,-0.0036574599571195243
2021-10-15 04:00:00,DOGE/USD,0.2365,40311948.71,9533775.871,-0.002109704641350185
2021-10-14 04:00:00,DOGE/USD,0.23364,4537179.469,1060066.611,-0.012093023255813962
2021-10-13 04:00:00,DOGE/USD,0.23635,11829244.31,2795841.892,0.011599041260058396
2021-10-12 04:00:00,DOGE/USD,0.22914,14957139.71,3427278.993,-0.030505606092659177
2021-10-11 04:00:00,DOGE/USD,0.22362,5708928.536,1276630.599,-0.0240900759361089
2021-10-10 04:00:00,DOGE/USD,0.23596,15144006.75,3573379.832,0.05518289956175648
2021-10-09 04:00:00,DOGE/USD,0.24495,9912425.643,2428048.661,0.038099677911510366
2021-10-08 04:00:00,DOGE/USD,0.24625,22218408.93,5471283.198,0.005307205552153471
2021-10-07 04:00:00,DOGE/USD,0.24395,19408206.39,4734631.949,-0.009340101522842592
2021-10-06 04:00:00,DOGE/USD,0.24009,20629569.82,4952953.418,-0.015822914531666288
2021-10-05 04:00:00,DOGE/USD,0.25429,28449040.81,7234306.589,0.05914448748386025
2021-10-04 04:00:00,DOGE/USD,0.2424,32894684.69,7973671.57,-0.04675763891619811
2021-10-03 04:00:00,DOGE/USD,0.21619,5562878.958,1202638.802,-0.1081270627062707
2021-10-02 04:00:00,DOGE/USD,0.21937,12192658.58,2674703.512,0.014709283500624615
2021-10-01 04:00:00,DOGE/USD,0.21684,13515271.43,2930651.457,-0.011533026393763968
2021-09-30 04:00:00,DOGE/USD,0.20252,6074061.299,1230118.894,-0.06603947611141858
2021-09-29 04:00:00,DOGE/USD,0.20337,2440697.727,496364.6968,0.004197116334189177
2021-09-28 04:00:00,DOGE/USD,0.19937,4987362.021,994330.3661,-0.01966858435364116
2021-09-27 04:00:00,DOGE/USD,0.20162,3780211.023,762166.1465,0.011285549480864798
2021-09-26 04:00:00,DOGE/USD,0.2069,14098177.63,2916912.951,0.026187878186687774
2021-09-25 04:00:00,DOGE/USD,0.20516,6303177.393,1293159.874,-0.008409859835669331
2021-09-24 04:00:00,DOGE/USD,0.21167,19524261.17,4132700.363,0.031731331643595206
2021-09-23 04:00:00,DOGE/USD,0.22254,9966238.344,2217886.681,0.05135352199177956
2021-09-22 04:00:00,DOGE/USD,0.22518,9419921.51,2121177.926,0.011863035858721949
2021-09-21 04:00:00,DOGE/USD,0.20292,24264167.11,4923684.79,-0.09885424993338665
2021-09-20 04:00:00,DOGE/USD,0.20871,37326955.23,7790508.827,0.028533412182140783
2021-09-19 04:00:00,DOGE/USD,0.22195,8662155.714,1922565.461,0.06343730535192371
2021-09-18 04:00:00,DOGE/USD,0.23916,2913621.137,696821.6312,0.07753998648344229
2021-09-17 04:00:00,DOGE/USD,0.24254,14994212.35,3636696.263,0.014132798126776924
2021-09-16 04:00:00,DOGE/USD,0.25102,6790474.677,1704544.953,0.034963305021852076
2021-09-15 04:00:00,DOGE/USD,0.24258,3605402.656,874598.5762,-0.033622818898892626
2021-09-14 04:00:00,DOGE/USD,0.24068,6371113.679,1533399.64,-0.007832467639541485
2021-09-13 04:00:00,DOGE/USD,0.23639,11342166.28,2681174.688,-0.01782449725776969
2021-09-12 04:00:00,DOGE/USD,0.23861,16235910.67,3874050.644,0.009391260205592555
2021-09-11 04:00:00,DOGE/USD,0.2419,6970805.001,1686237.73,0.013788189933364059
2021-09-10 04:00:00,DOGE/USD,0.24048,17998662.85,4328318.443,-0.0058701942951633335
2021-09-09 04:00:00,DOGE/USD,0.25614,12936031.13,3313435.014,0.06511976047904189
2021-09-08 04:00:00,DOGE/USD,0.25247,6155531.113,1554086.94,-0.014328101819317318
2021-09-07 04:00:00,DOGE/USD,0.25455,80332763.97,20448705.07,0.0082386026062502
2021-09-06 04:00:00,DOGE/USD,0.3045,16416059.63,4998690.158,0.19622863877430752
2021-09-05 04:00:00,DOGE/USD,0.31043,24763237.98,7687251.966,0.019474548440065576
2021-09-04 04:00:00,DOGE/USD,0.29853,17638214.11,5265536.058,-0.03833392391199297
2021-09-03 04:00:00,DOGE/USD,0.29596,26911114.59,7964613.473,-0.008608850031822657
2021-09-02 04:00:00,DOGE/USD,0.29593,29034519.09,8592185.233,-0.00010136504933089263
2021-09-01 04:00:00,DOGE/USD,0.30109,13401443.25,4035040.547,0.01743655594228355
2021-08-31 04:00:00,DOGE/USD,0.27623,12563359.23,3470376.721,-0.08256667441628762
2021-08-30 04:00:00,DOGE/USD,0.27496,13162184.28,3619074.189,-0.004597617927089681
2021-08-29 04:00:00,DOGE/USD,0.28041,13962666.75,3915271.383,0.01982106488216462
2021-08-28 04:00:00,DOGE/USD,0.28046,10892169.67,3054817.905,0.00017831033130066842
2021-08-27 04:00:00,DOGE/USD,0.29089,16759819.84,4875263.992,0.03718890394352137
2021-08-26 04:00:00,DOGE/USD,0.26897,29927174.58,8049512.147,-0.07535494516827668
2021-08-25 04:00:00,DOGE/USD,0.28174,10066593.69,2836162.107,0.04747741383797455
2021-08-24 04:00:00,DOGE/USD,0.28943,19423296.46,5621684.694,0.027294668843614867
2021-08-23 04:00:00,DOGE/USD,0.31267,14541615.07,4546726.784,0.08029575372283437
2021-08-22 04:00:00,DOGE/USD,0.32148,14338680.0,4609598.847,0.028176671890491445
2021-08-21 04:00:00,DOGE/USD,0.31476,15581428.7,4904410.499,-0.020903322135125024
2021-08-20 04:00:00,DOGE/USD,0.32595,16968757.63,5530966.55,0.0355508959207016
2021-08-19 04:00:00,DOGE/USD,0.31635,26734740.21,8457535.065,-0.02945236999539802
2021-08-18 04:00:00,DOGE/USD,0.2971,25125660.87,7464833.845,-0.06085032400821888
2021-08-17 04:00:00,DOGE/USD,0.29863,46531072.68,13895574.23,0.005149781218445115
2021-08-16 04:00:00,DOGE/USD,0.32852,55705086.7,18300235.08,0.10009041288551046
2021-08-15 04:00:00,DOGE/USD,0.33274,44550871.18,14823856.88,0.012845488859125842
2021-08-14 04:00:00,DOGE/USD,0.30046,35775538.84,10749118.4,-0.09701268257498341
2021-08-13 04:00:00,DOGE/USD,0.28902,20648453.98,5967816.168,-0.03807495174066433
2021-08-12 04:00:00,DOGE/USD,0.27006,34055753.23,9197096.718,-0.0656009964708324
2021-08-11 04:00:00,DOGE/USD,0.2868,36506914.08,10470182.96,0.06198622528327036
2021-08-10 04:00:00,DOGE/USD,0.262,25779865.33,6754324.718,-0.08647140864714087
2021-08-09 04:00:00,DOGE/USD,0.25196,43125966.52,10866018.52,-0.03832061068702286
2021-08-08 04:00:00,DOGE/USD,0.2413,29072202.03,7015122.35,-0.04230830290522314
2021-08-07 04:00:00,DOGE/USD,0.26422,97266340.76,25699712.56,0.09498549523414845
2021-08-06 04:00:00,DOGE/USD,0.21532,16682438.12,3592062.577,-0.18507304518961465
2021-08-05 04:00:00,DOGE/USD,0.19957,8899279.892,1776029.288,-0.07314694408322497
2021-08-04 04:00:00,DOGE/USD,0.20014,2143254.745,428951.0047,0.0028561407025105012
2021-08-03 04:00:00,DOGE/USD,0.19549,7397974.794,1446230.093,-0.023233736384530856
2021-08-02 04:00:00,DOGE/USD,0.20025,6584007.153,1318447.432,0.02434907156376287
2021-08-01 04:00:00,DOGE/USD,0.20466,5724694.463,1171615.969,0.022022471910112307
2021-07-31 04:00:00,DOGE/USD,0.21671,6051753.311,1311475.46,0.05887813935307351
2021-07-30 04:00:00,DOGE/USD,0.20894,12784381.35,2671168.639,-0.03585436758802096
2021-07-29 04:00:00,DOGE/USD,0.20802,7914607.171,1646396.584,-0.004403177945821679
2021-07-28 04:00:00,DOGE/USD,0.20304,3773576.228,766186.9173,-0.023940005768676165
2021-07-27 04:00:00,DOGE/USD,0.20601,10026757.01,2065612.213,0.0146276595744681
2021-07-26 04:00:00,DOGE/USD,0.19852,36031989.1,7153070.476,-0.03635745837580695
2021-07-25 04:00:00,DOGE/USD,0.22541,21521064.37,4851063.12,0.13545234737054201
2021-07-24 04:00:00,DOGE/USD,0.19336,10765729.55,2081661.465,-0.1421853511379264
2021-07-23 04:00:00,DOGE/USD,0.19451,8216159.323,1598125.15,0.005947455523376055
2021-07-22 04:00:00,DOGE/USD,0.19217,7602589.421,1460989.609,-0.012030229808235982
2021-07-21 04:00:00,DOGE/USD,0.19014,13246999.6,2518784.504,-0.01056356351147425
2021-07-20 04:00:00,DOGE/USD,0.17509,17869294.18,3128734.717,-0.07915220363942366
2021-07-19 04:00:00,DOGE/USD,0.16456,9352177.574,1538994.342,-0.06014049917185438
2021-07-18 04:00:00,DOGE/USD,0.17884,5634413.572,1007658.523,0.08677685950413205
2021-07-17 04:00:00,DOGE/USD,0.19023,24011858.62,4567775.865,0.06368821292775673
2021-07-16 04:00:00,DOGE/USD,0.17106,12294823.58,2103152.522,-0.1007727487777954
2021-07-15 04:00:00,DOGE/USD,0.18661,10769336.93,2009665.964,0.09090377645270675
2021-07-14 04:00:00,DOGE/USD,0.19533,4240312.273,828260.1963,0.046728471143025585
2021-07-13 04:00:00,DOGE/USD,0.18973,8961577.167,1700280.036,-0.028669431218962704
2021-07-12 04:00:00,DOGE/USD,0.20586,7829460.622,1611772.764,0.08501554841089964
2021-07-11 04:00:00,DOGE/USD,0.21707,2518193.961,546624.3631,0.05445448362965144
2021-07-10 04:00:00,DOGE/USD,0.21179,2804727.762,594013.2926,-0.024323950799281402
2021-07-09 04:00:00,DOGE/USD,0.21936,22403398.34,4914409.461,0.03574295292506724
2021-07-08 04:00:00,DOGE/USD,0.20417,14285761.17,2916723.858,-0.06924690007293954
2021-07-07 04:00:00,DOGE/USD,0.21961,11279485.65,2477087.844,0.07562325513052848
2021-07-06 04:00:00,DOGE/USD,0.23464,4560968.779,1070185.714,0.06843950639770502
2021-07-05 04:00:00,DOGE/USD,0.23488,7568048.962,1777583.34,0.001022843504943749
2021-07-04 04:00:00,DOGE/USD,0.24243,7866803.812,1907149.248,0.032144073569482234
2021-07-03 04:00:00,DOGE/USD,0.24499,3501365.931,857799.6395,0.01055974920595637
2021-07-02 04:00:00,DOGE/USD,0.24317,7333336.875,1783247.528,-0.007428874647944839
2021-07-01 04:00:00,DOGE/USD,0.24117,15581156.54,3757707.522,-0.008224698770407546
2021-06-30 04:00:00,DOGE/USD,0.2435,9546140.178,2324485.133,0.009661234813616915
2021-06-29 04:00:00,DOGE/USD,0.25531,7293171.741,1862019.677,0.0485010266940451
2021-06-28 04:00:00,DOGE/USD,0.2552,6451861.419,1646515.034,-0.0004308487720809939
2021-06-27 04:00:00,DOGE/USD,0.25581,15500837.33,3965269.198,0.002390282131661481
2021-06-26 04:00:00,DOGE/USD,0.25181,17883612.5,4503272.464,-0.015636605292990935
2021-06-25 04:00:00,DOGE/USD,0.24463,36886931.19,9023649.978,-0.02851356181247766
2021-06-24 04:00:00,DOGE/USD,0.26271,1134676.432,298090.8455,0.07390753382659532
2021-06-23 04:00:00,DOGE/USD,0.22932,17528760.14,4019695.276,-0.12709832134292565
2021-06-22 04:00:00,DOGE/USD,0.2094,95515352.61,20000914.84,-0.08686551543694399
2021-06-21 04:00:00,DOGE/USD,0.20817,116531893.0,24258444.17,-0.005873925501432731
2021-06-20 04:00:00,DOGE/USD,0.26513,10664243.52,2827410.883,0.27362252005572363
2021-06-19 04:00:00,DOGE/USD,0.28344,5121468.651,1451629.074,0.06906046090597084
2021-06-18 04:00:00,DOGE/USD,0.28827,10582280.07,3050553.874,0.017040643522438614
2021-06-17 04:00:00,DOGE/USD,0.30534,10741355.57,3279765.511,0.059215318971797215
2021-06-16 04:00:00,DOGE/USD,0.31329,1022883.782,320459.2602,0.0260365494203183
2021-06-15 04:00:00,DOGE/USD,0.31684,9862269.302,3124761.406,0.011331354336237887
2021-06-14 04:00:00,DOGE/USD,0.32683,15290370.86,4997351.909,0.03153010983461679
2021-06-13 04:00:00,DOGE/USD,0.32156,10355287.04,3329846.101,-0.016124590765841607
2021-06-12 04:00:00,DOGE/USD,0.30895,9393295.545,2902058.659,-0.03921507650205247
2021-06-11 04:00:00,DOGE/USD,0.30649,17095684.3,5239656.281,-0.007962453471435538
2021-06-10 04:00:00,DOGE/USD,0.32486,19000556.51,6172520.789,0.059936702665666086
2021-06-09 04:00:00,DOGE/USD,0.33895,16381647.72,5552559.493,0.043372529705103746
2021-06-08 04:00:00,DOGE/USD,0.31846,28333602.55,9023119.067,-0.060451394010915926
2021-06-07 04:00:00,DOGE/USD,0.32487,22105742.03,7181492.414,0.020128116560949483
2021-06-06 04:00:00,DOGE/USD,0.37604,6308566.693,2372273.419,0.1575091575091574
2021-06-05 04:00:00,DOGE/USD,0.37296,24620329.54,9182398.104,-0.008190618019359608
2021-06-04 04:00:00,DOGE/USD,0.38004,17845855.38,6782138.88,0.018983268983268964
2021-06-03 04:00:00,DOGE/USD,0.39838,21233835.42,8459135.353,0.04825807809704252
2021-06-02 04:00:00,DOGE/USD,0.42514,56944054.03,24209195.13,0.0671720467894974
2021-06-01 04:00:00,DOGE/USD,0.37847,46194795.66,17483344.31,-0.1097756033306676
2021-05-31 04:00:00,DOGE/USD,0.32772,10488810.61,3437393.013,-0.1340925304515549
2021-05-30 04:00:00,DOGE/USD,0.29765,4755110.336,1415358.591,-0.09175515684120583
2021-05-29 04:00:00,DOGE/USD,0.29777,21471144.15,6393462.594,0.0004031580715604388
2021-05-28 04:00:00,DOGE/USD,0.317,26827488.77,8504313.939,0.06458004500117553
2021-05-27 04:00:00,DOGE/USD,0.33857,5493120.448,1859805.79,0.06804416403785485
2021-05-26 04:00:00,DOGE/USD,0.33408,14014528.34,4681973.627,-0.013261659331895936
2021-05-25 04:00:00,DOGE/USD,0.35499,20295684.7,7204765.112,0.06258979885057481
2021-05-24 04:00:00,DOGE/USD,0.3448,47345857.72,16324851.74,-0.028705033944618208
2021-05-23 04:00:00,DOGE/USD,0.30635,56429647.19,17287222.42,-0.11151392111368907
2021-05-22 04:00:00,DOGE/USD,0.34564,18527555.13,6403864.154,0.1282519993471518
2021-05-21 04:00:00,DOGE/USD,0.33984,17558124.58,5966953.058,-0.016780465223932506
2021-05-20 04:00:00,DOGE/USD,0.399,89911191.24,35874565.3,0.17408192090395502
2021-05-19 04:00:00,DOGE/USD,0.34236,80852362.29,27680614.75,-0.14195488721804517
2021-05-18 04:00:00,DOGE/USD,0.43243,40624330.48,17567179.23,0.26308564084589325
2021-05-17 04:00:00,DOGE/USD,0.49257,20570742.62,10132530.69,0.13907453229424416
2021-05-16 04:00:00,DOGE/USD,0.47298,43276763.85,20469043.77,-0.039770997015652565
2021-05-15 04:00:00,DOGE/USD,0.53434,38363236.66,20499011.88,0.12973064400186063
2021-05-14 04:00:00,DOGE/USD,0.52426,97430528.72,51078928.98,-0.01886439345734947
2021-05-13 04:00:00,DOGE/USD,0.4979,53845786.17,26809816.94,-0.050280395223743835
2021-05-12 04:00:00,DOGE/USD,0.44114,64625294.6,28508802.46,-0.11399879493874276
2021-05-11 04:00:00,DOGE/USD,0.49196,35640889.26,17533891.88,0.11520152332592826
2021-05-10 04:00:00,DOGE/USD,0.47198,73433570.52,34659176.61,-0.040613057972192834
2021-05-09 04:00:00,DOGE/USD,0.52996,174045810.2,92237317.59,0.12284418831306398
2021-05-08 04:00:00,DOGE/USD,0.52,138987211.2,72273349.8,-0.018793871235564863
2021-05-07 04:00:00,DOGE/USD,0.71256,72979544.69,52002304.36,0.3703076923076922
2021-05-06 04:00:00,DOGE/USD,0.57455,42982373.49,24695522.69,-0.19368193555630397
2021-05-05 04:00:00,DOGE/USD,0.63462,93560829.43,59375573.57,0.10455138804281594
